Entertainment%3A%20Film|hard|Which%20was%20the%20first%20of%20Alfred%20Hitchcock%27s%20movies%20to%20be%20filmed%20in%20colour%3F|Rope|Psycho|Vertigo|Rebecca|
Science%20%26%20Nature|easy|What%20is%20the%20largest%20animal%20currently%20on%20Earth%3F|Blue%20Whale|Orca|Colossal%20Squid|Giraffe|
History|medium|During%20what%20war%20did%20the%20%22Cuban%20Missile%20Crisis%22%20occur%3F|Cold%20War|World%20War%20I|World%20War%20II|Revolutionary%20War|
General%20Knowledge|easy|In%20the%20video-game%20franchise%20Kingdom%20Hearts%2C%20the%20main%20protagonist%2C%20carries%20a%20weapon%20with%20what%20shape%3F|Key|Sword|Pen|Cellphone|
Entertainment%3A%20Board%20Games|medium|At%20the%20start%20of%20a%20standard%20game%20of%20the%20Monopoly%2C%20if%20you%20throw%20a%20double%20six%2C%20which%20square%20would%20you%20land%20on%3F|Electric%20Company|Water%20Works|Chance|Community%20Chest|
History|medium|The%20Herero%20genocide%20was%20perpetrated%20in%20Africa%20by%20which%20of%20the%20following%20colonial%20nations%3F|Germany|Britain|Belgium|France|
History|medium|According%20to%20scholarly%20estimates%2C%20what%20percentage%20of%20the%20world%20population%20at%20the%20time%20died%20due%20to%20Tamerlane%27s%20conquests%3F|5%25|1%25|3%25|%3C1%25|
Science%3A%20Computers|medium|What%20was%20the%20first%20commerically%20available%20computer%20processor%3F|Intel%204004|Intel%20486SX|TMS%201000|AMD%20AM386|
Entertainment%3A%20Video%20Games|medium|Who%20is%20the%20main%20character%20of%20%22Metal%20Gear%20Solid%203%22%3F|Naked%20Snake|Solid%20Snake|Liquid%20Snake|Venom%20Snake|
Science%3A%20Computers|medium|While%20Apple%20was%20formed%20in%20California%2C%20in%20which%20western%20state%20was%20Microsoft%20founded%3F|New%20Mexico|Washington|Colorado|Arizona|
Entertainment%3A%20Video%20Games|easy|In%20the%20%22Worms%22%20series%20of%20video%20games%2C%20which%20of%20these%20weapons%20is%20affected%20by%20wind%3F|Bazooka|Grenade|Air%20Strike|Mortar|
Entertainment%3A%20Video%20Games|medium|Which%20of%20these%20%22Worms%22%20games%20featured%203D%20gameplay%3F|Worms%204%3A%20Mayhem|Worms%20W.M.D|Worms%20Reloaded|Worms%3A%20Open%20Warfare%202|
Vehicles|hard|Which%20of%20these%20is%20NOT%20a%20car%20model%20produced%20by%20Malaysian%20car%20manufacturer%20Proton%3F|Kelisa|Saga|Perdana|Inspira|
Entertainment%3A%20Television|medium|What%20was%20the%20name%20of%20Ross%27%20pet%20monkey%20on%20%22Friends%22%3F|Marcel|Jojo|George|Champ|
General%20Knowledge|hard|%22Number%2016%20Bus%20Shelter%22%20was%20a%20child%27s%20name%20that%20was%20approved%20by%20the%20New%20Zealand%20government.|True|False|
Geography|medium|Vietnam%20is%20the%20only%20country%20in%20the%20world%20that%20starts%20with%20V.%20|False|True|
Sports|easy|What%20was%20the%20final%20score%20of%20the%20Germany%20vs.%20Brazil%202014%20FIFA%20World%20Cup%20match%3F|7%20-%201|0%20-%201|3%20-%204|16%20-%200|
General%20Knowledge|hard|What%20is%20the%20romanized%20Arabic%20word%20for%20%22moon%22%3F|Qamar|Najma|Kawkab|Shams|
History|hard|When%20was%20the%20SS%20or%20Schutzstaffel%20established%3F|April%204th%2C%201925|September%201st%2C%201941|March%208th%2C%201935|February%2021st%2C%201926|
History|easy|When%20did%20the%20Battle%20of%20the%20Somme%20begin%3F|July%201st%2C%201916|August%201st%2C%201916|July%202nd%2C%201916|June%2030th%2C%201916|
Entertainment%3A%20Video%20Games|medium|In%20%22Overwatch%22%2C%20what%20is%20the%20name%20of%20Mercy%27s%20%22ultimate%20ability%22%3F|Valkyrie|Earthshatter|Rocket%20Barrage|Molten%20Core|
Entertainment%3A%20Television|hard|In%20%22It%27s%20Always%20Sunny%20in%20Philadelphia%22%20what%20was%20the%20name%20of%20Frank%27s%20wrestling%20persona%3F|The%20Trash%20Man|Bird%20of%20War|Day%20Man|The%20Maniac|
Entertainment%3A%20Cartoon%20%26%20Animations|medium|Who%20is%20the%20%22dumb%20blonde%22%20character%20in%20Nickelodeon%27s%20%22The%20Loud%20House%22%3F|Leni|Luan|Luna|Lincoln|
Entertainment%3A%20Video%20Games|medium|What%20was%20the%20name%20of%20the%20first%20MMORPG%20to%20popularize%20the%20genre%3F|Ultima%20Online|World%20of%20Warcraft|Meridian%2059|Guild%20Wars|
Geography|easy|The%20Space%20Needle%20is%20located%20in%20which%20city%3F|Seattle|Los%20Angles|Toronto|Vancouver|
Geography|hard|What%20is%20the%20name%20of%20the%20formerly%20rich%20fishing%20grounds%20off%20the%20island%20of%20Newfoundland%2C%20Canada%3F|Grand%20Banks|Great%20Barrier%20Reef|Mariana%20Trench|Hudson%20Bay|
Entertainment%3A%20Video%20Games|easy|Which%20Animal%20Crossing%20game%20was%20for%20the%20Nintendo%20Wii%3F|Animal%20Crossing%3A%20City%20Folk|Animal%20Crossing%3A%20New%20Leaf|Animal%20Crossing%3A%20Wild%20World|Animal%20Crossing%3A%20Population%20Growing%21|
Celebrities|medium|Nikki%20Diamond%20portrayed%20which%20Gladiator%20in%20the%201992%20TV%20show%20%22Gladiators%22%3F|Scorpio|Jet|Nightshade|Falcon|
Entertainment%3A%20Books|easy|What%20is%20the%20name%20of%20Sherlock%20Holmes%27s%20brother%3F|Mycroft%20Holmes|Mederi%20Holmes|Martin%20Holmes|Herbie%20Hancock%20Holmes|
Science%3A%20Computers|hard|What%20does%20the%20International%20System%20of%20Quantities%20refer%201024%20bytes%20as%3F|Kibibyte|Kylobyte|Kilobyte|Kelobyte|
Entertainment%3A%20Video%20Games|easy|Who%20created%20the%20indie%20adventure%20game%20%22Night%20in%20the%20Woods%22%3F|Alec%20Holowka|Ron%20Gilbert|Tim%20Schafer|%20Tommy%20Refenes|
History|medium|In%201961%2C%20an%20American%20B-52%20aircraft%20crashed%20and%20nearly%20detonated%20two%204mt%20nuclear%20bombs%20over%20which%20US%20city%3F|Goldsboro%2C%20North%20Carolina|Hicksville%2C%20New%20York|Jacksonville%2C%20Florida|Conway%2C%20Arkansas|
Entertainment%3A%20Music|hard|Which%20lyric%20is%20about%20Red%20Hot%20Chili%20Peppers%20frontman%20Anthony%20Kiedis%3F|%22A%20rainy%20Lithuanian%20%2F%20Is%20dancing%20as%20an%20Indian%22|%22Fly%20away%20on%2C%20my%20zephyr%20%2F%20I%20feel%20it%20more%20than%20ever%22|%22And%20I%20liked%20the%20dimple%20in%20your%20chin%20%2F%20Your%20pale%20blue%20eyes%22|%22You%20used%20to%20be%20so%20warm%20and%20affectionate...but%20now%20you%27re%20quick%20to%20get%20into%20your%20regret%22|
Entertainment%3A%20Comics|medium|Which%20%22Green%20Arrow%22%20sidekick%20commonly%20wears%20a%20baseball%20cap%3F|Roy%20Harper|Black%20Canary|Emiko%20Queen|Dick%20Grayson|
Entertainment%3A%20Board%20Games|hard|In%20Magic%3A%20The%20Gathering%2C%20what%20card%27s%20flavor%20text%20is%20%22Catch%21%22%3F|Lava%20Axe|Stone-Throwing%20Devils|Ember%20Shot|Throwing%20Knife|
Geography|easy|Which%20country%20was%20NOT%20part%20of%20the%20Soviet%20Union%3F|Romania|Turkmenistan|Belarus|Tajikistan|
Entertainment%3A%20Video%20Games|hard|What%20vault%20in%20the%20video%20game%20%22Fallout%203%22%20is%20the%20home%20of%20multiple%20clones%20named%20Gary%3F|Vault%20108|Vault%20101|Vault%2087|Vault%2021|
Entertainment%3A%20Music|hard|Pamina%20and%20Papageno%20are%20characters%20in%20what%20Mozart%20opera%3F|The%20Magic%20Flute|The%20Marriage%20of%20Figaro|The%20Impresario|The%20Goose%20of%20Cairo|
Geography|medium|What%20is%20the%20official%20national%20language%20of%20Pakistan%3F|Urdu|Indian|Punjabi|Pashto|
Entertainment%3A%20Cartoon%20%26%20Animations|medium|Snagglepuss%20was%20part%20of%20the%20Yogi%20Yahooies%20in%20the%201977%20show%20Scooby%27s%20All-Star%20Laff-a-Lympics.|False|True|
Art|easy|Which%20painting%20was%20not%20made%20by%20Vincent%20Van%20Gogh%3F|The%20Ninth%20Wave|Caf%C3%A9%20Terrace%20at%20Night|Bedroom%20In%20Arles|Starry%20Night|
Politics|medium|What%20year%20did%20Gerald%20Ford%20Become%20President%3F|1974|1977|1973|1969|
Science%3A%20Computers|hard|The%20acronym%20%22RIP%22%20stands%20for%20which%20of%20these%3F|Routing%20Information%20Protocol|Runtime%20Instance%20Processes|Regular%20Interval%20Processes|Routine%20Inspection%20Protocol|
Science%20%26%20Nature|medium|Which%20color%20cannot%20be%20produced%20in%20Roses%2C%20even%20through%20genetic%20alteration%3F|Blue|Black|Orange|Brown|
History|hard|During%20World%20War%20I%2C%20which%20nation%27s%20monarchs%20were%20blood%20related%3F|England%2C%20Germany%2C%20Russia|France%2C%20Russia%2C%20Germany|Serbia%2C%20Russia%2C%20Croatia|Germany%2C%20Spain%2C%20Austria|
Science%20%26%20Nature|easy|What%20lies%20at%20the%20center%20of%20our%20galaxy%3F|A%20black%20hole|A%20wormhole|A%20supernova|A%20quasar|
General%20Knowledge|hard|Which%20of%20the%20following%20%20British%20Monarchs%20never%20appeared%20on%20a%20circulated%20pound%20sterling%20coin%3F|Edward%20VIII|Victoria|George%20VI|Charles%20II|
Entertainment%3A%20Music|medium|How%20many%20studio%20albums%20have%20the%20heavy%20metal%20band%2C%20%27Metallica%27%20released%20in%20the%20period%20between%201983%20and%202016%3F|10|7|9|12|
Entertainment%3A%20Video%20Games|hard|In%20the%20Nintendo%20Game%20Splatoon%202%2C%20what%20is%20Marina%27s%20screen%20name%3F|DJ_Hyperfresh|MC.princess|Kidnotsquid123|I%3C30ffTh3H00k|
Geography|hard|What%20is%20the%20largest%20freshwater%20lake%20by%20volume%3F|Lake%20Baikal|Lake%20Superior|Lake%20Huron|Lake%20Michigan|
Entertainment%3A%20Film|easy|Which%20animated%20movie%20was%20first%20to%20feature%20a%20celebrity%20as%20a%20voice%20actor%3F|Aladdin|Toy%20Story|James%20and%20the%20Giant%20Peach|The%20Hunchback%20of%20Notre%20Dame|
History|hard|Spain%20was%20formed%20in%201469%20with%20the%20marriage%20of%20Isabella%20I%20of%20Castile%20and%20Ferdinand%20II%20of%20what%20other%20Iberian%20kingdom%3F|Aragon|Galicia|Le%C3%B3n|Navarre|
Entertainment%3A%20Video%20Games|easy|English%20new%20wave%20musician%20Gary%20Numan%20founded%20the%20video%20game%20development%20company%20Facepunch%20Studios%20in%20March%202009.|False|True|
Entertainment%3A%20Video%20Games|medium|In%20World%20of%20Warcraft%20Lore%2C%20four%20Old%20Gods%20created%20a%20giant%20and%20powerful%20creature.%20What%20was%20it%20called%3F%20|The%20Ancient%20One|Anomalous|Eater%20of%20Souls|The%20Lich%20King|
Entertainment%3A%20Television|medium|In%20the%20original%20Doctor%20Who%20series%20%281963%29%2C%20fourth%20doctor%20Tom%20Baker%27s%20scarf%20was%20how%20long%3F|7%20Meters|10%20Meters|2%20Meters|5%20Meters|
General%20Knowledge|easy|Which%20sign%20of%20the%20zodiac%20is%20represented%20by%20the%20Crab%3F|Cancer|Libra|Virgo|Sagittarius|
Entertainment%3A%20Books|easy|Which%20famous%20spy%20novelist%20wrote%20the%20childrens%27%20story%20%22Chitty-Chitty-Bang-Bang%22%3F|Ian%20Fleming|Joseph%20Conrad|John%20Buchan|Graham%20Greene|
Entertainment%3A%20Film|easy|This%20movie%20contains%20the%20quote%2C%20%22Houston%2C%20we%20have%20a%20problem.%22|Apollo%2013|The%20Right%20Stuff|Capricorn%20One|Marooned|
Entertainment%3A%20Video%20Games|hard|What%20was%20the%20world%27s%20first%20video%20game%3F|Tennis%20for%20Two|Spacewar%21|Pong|Space%20Travel|
Geography|medium|What%20is%20the%20capital%20of%20Australia%3F|Canberra|Sydney|Melbourne|Brisbane|
Entertainment%3A%20Music|hard|Which%20song%20in%20rapper%20Kanye%20West%27s%20album%20%22The%20Life%20of%20Pablo%22%20features%20Rihanna%3F|Famous|Wolves|Ultralight%20Beam|Highlights|
History|medium|When%20did%20Jamaica%20recieve%20its%20independence%20from%20England%3F%20|1962|1492|1963|1987|
Politics|medium|The%202014%20movie%20%22The%20Raid%202%3A%20Berandal%22%20was%20mainly%20filmed%20in%20which%20Asian%20country%3F|Indonesia|Thailand|Brunei|Malaysia|
Science%3A%20Gadgets|easy|The%20communication%20protocol%20NFC%20stands%20for%20Near-Field%20Control.|False|True|
Entertainment%3A%20Music|medium|The%201952%20musical%20composition%204%2733%22%2C%20composed%20by%20prolific%20American%20composer%20John%20Cage%2C%20is%20mainly%20comprised%20of%20what%20sound%3F|Silence|Farts|People%20talking|Cricket%20chirps|
Sports|easy|What%20was%20the%20final%20score%20of%20the%20Germany%20vs.%20Brazil%202014%20FIFA%20World%20Cup%20match%3F|7%20-%201|0%20-%201|3%20-%204|16%20-%200|
Politics|easy|Denmark%20has%20a%20monarch.|True|False|
General%20Knowledge|easy|The%20color%20orange%20is%20named%20after%20the%20fruit.|True|False|
Science%20%26%20Nature|hard|%22The%20Big%20Bang%20Theory%22%20was%20first%20theorized%20by%20a%20priest%20of%20what%20religious%20ideology%3F|Catholic|Christian|Jewish|Islamic|
History|medium|Where%20and%20when%20was%20the%20first%20cardboard%20box%20made%20for%20industrial%20use%3F|England%2C%201817|United%20States%2C%201817|England%2C%201917|United%20States%2C%201917|
Entertainment%3A%20Music|easy|In%20Mean%20Girls%2C%20who%20has%20breasts%20that%20tell%20when%20it%27s%20raining%3F|Karen%20Smith|Gretchen%20Weiners|Janice%20Ian|Cady%20Heron|
Entertainment%3A%20Books|hard|The%20novel%20%22Jane%20Eyre%22%20was%20written%20by%20what%20author%3F%20|Charlotte%20Bront%C3%AB|Emily%20Bront%C3%AB|Jane%20Austen|Louisa%20May%20Alcott|
Entertainment%3A%20Musicals%20%26%20Theatres|medium|In%20Jeff%20Wayne%27s%20Musical%20Version%20of%20War%20of%20the%20Worlds%2C%20the%20chances%20of%20anything%20coming%20from%20Mars%20are...|A%20million%20to%20one|A%20billion%20to%20one|A%20trillion%20to%20one|A%20hundred%20to%20one|
History|hard|Who%20invented%20the%20%22Flying%20Shuttle%22%20in%201738%3B%20one%20of%20the%20key%20developments%20in%20the%20industrialization%20of%20weaving%3F|John%20Kay|James%20Hargreaves|Richard%20Arkwright|John%20Deere|
Entertainment%3A%20Video%20Games|easy|What%20company%20develops%20the%20Rock%20Band%20series%20of%20rhythm%20games%3F|Harmonix|Activision|Konami|Electronic%20Arts|
Science%20%26%20Nature|easy|The%20biggest%20distinction%20between%20a%20eukaryotic%20cell%20and%20a%20prokaryotic%20cell%20is%3A|The%20presence%20or%20absence%20of%20a%20nucleus|The%20overall%20size|The%20presence%20or%20absence%20of%20certain%20organelles|The%20mode%20of%20reproduction|
Entertainment%3A%20Video%20Games|easy|What%20is%20the%20name%20of%20the%20main%20character%20in%20%22Life%20is%20Strange%22%3F|Maxine%20Caulfield|Victoria%20Chase|Stella%20Hill|Chloe%20Price|
Entertainment%3A%20Video%20Games|hard|Which%20of%20these%20weapon%20classes%20DO%20NOT%20appear%20in%20the%20first%20Monster%20Hunter%20game%3F|Bow%20|Hammer|Heavy%20Bowgun|Light%20Bowgun|
Entertainment%3A%20Video%20Games|medium|Who%20voices%20the%20infamous%20Citadel%20Station%20A.I%20known%20as%20S.H.O.D.A.N%2C%20in%20the%20System%20Shock%20games%3F|Terri%20Brosius|%20Jennifer%20Hale|Jenn%20Taylor|Lori%20Alan|
Mythology|easy|In%20most%20traditions%2C%20who%20was%20the%20wife%20of%20Zeus%3F|Hera|Aphrodite|Athena|Hestia|
Sports|easy|Who%20won%20the%202016%20Formula%201%20World%20Driver%27s%20Championship%3F|Nico%20Rosberg|Lewis%20Hamilton|Max%20Verstappen|Kimi%20Raikkonen|
Entertainment%3A%20Video%20Games|medium|What%20element%20does%20the%20Zinogre%20use%20in%20Monster%20Hunter%3F|Thunder|Ice|Fire|Water|
Entertainment%3A%20Film|medium|What%20type%20of%20cheese%2C%20loved%20by%20Wallace%20and%20Gromit%2C%20had%20it%27s%20sale%20prices%20rise%20after%20their%20successful%20short%20films%3F|Wensleydale|Cheddar|Moon%20Cheese|Edam|
Vehicles|easy|The%20LS2%20engine%20is%20how%20many%20cubic%20inches%3F|364|346|376|402|
Entertainment%3A%20Video%20Games|medium|How%20much%20did%20the%20indie%20game%20%22Cave%20Story%22%20cost%20when%20it%20was%20first%20released%20in%202004%3F|%240%20USD|%245%20USD|%2410%20USD|%2415%20USD|
History|medium|Which%20country%20was%20an%20allied%20power%20in%20World%20War%20II%3F|Soviet%20Union|Italy|Germany|Japan|
General%20Knowledge|medium|Apple%20co-founder%20Steve%20Jobs%20died%20from%20complications%20of%20which%20form%20of%20cancer%3F|Pancreatic|Bone|Liver|Stomach|
Geography|easy|Hungary%20is%20the%20only%20country%20in%20the%20world%20beginning%20with%20H.|False|True|
Science%20%26%20Nature|easy|What%20animal%20takes%20part%20in%20Schr%C3%B6dinger%27s%20most%20famous%20thought%20experiment%3F|Cat|Dog|Bat|Butterfly|
Entertainment%3A%20Video%20Games|medium|Which%20Crypt%20of%20the%20NecroDancer%20%282015%29%20character%20has%20a%20soundtrack%20by%20Jake%20%22Virt%22%20Kaufman%3F|Uncle%20Eli|Cadence|Nocturna|Octavian%20%28Bard%29|
Entertainment%3A%20Board%20Games|hard|Some%20of%20the%20%22Fallen%20Empires%22%20cards%20from%20%22Magic%3A%20The%20Gathering%22%20were%20misprinted%20on%20the%20backs%20of%20which%20other%20card%20game%3F|Wyvern|Pokemon|Dominion|Yu-Gi-Oh|
Entertainment%3A%20Japanese%20Anime%20%26%20Manga|hard|Which%20animation%20studio%20animated%20%22Psycho%20Pass%22%3F|Production%20I.G|Kyoto%20Animation|Shaft|Trigger|
Entertainment%3A%20Video%20Games|hard|What%20Pok%C3%A9mon%27s%20Base%20Stat%20Total%20does%20not%20change%20when%20it%20evolves%3F|Scyther|Pikachu|Sneasel|Larvesta|
Entertainment%3A%20Video%20Games|easy|Which%20of%20the%20following%20games%20has%20the%20largest%20map%20size%3F|Just%20Cause%202|Grand%20Theft%20Auto%205|The%20Elder%20Scrolls%204%3A%20%20Oblivion|The%20Witcher%203%3A%20%20Wild%20Hunt|
General%20Knowledge|hard|In%20%22Battle%20Cats%22%2C%20what%20is%20Moneko%20%2F%20MISS%20Moneko%27s%20critical%20percentage%20rate%3F|15%25|20%25|10%25|25%25|
Entertainment%3A%20Video%20Games|easy|Which%20of%20the%20following%20is%20a%20class%20in%20the%20game%20%22Hearthstone%22%3F|Priest|Sage|Cleric|Monk|
Sports|medium|What%20is%20the%20name%20of%20the%20AHL%20affiliate%20of%20the%20Toronto%20Maple%20Leafs%3F|Toronto%20Marlies|Toronto%20Rock|Toronto%20Argonauts|Toronto%20Wolfpack|
Entertainment%3A%20Video%20Games|medium|How%20many%20sets%20of%20grandmaster%20witcher%20gear%20are%20in%20The%20Witcher%203%27s%20Blood%20and%20Wine%20DLC%3F|5|3|6|4|
Entertainment%3A%20Video%20Games|medium|What%20is%20the%20lowest%20amount%20of%20max%20health%20you%20can%20have%20in%20Team%20Fortress%202%3F|70|100|50|95|
Entertainment%3A%20Video%20Games|medium|In%20the%20video%20game%20DOTA%202%2C%20which%20of%20these%20is%20NOT%20a%20hero%3F|Dragon%20Champion|Dark%20Seer|Keeper%20of%20the%20Light|Mirana|
Entertainment%3A%20Music|medium|Who%20had%20a%20US%20and%20UK%20number%201%20hit%20in%201962%20with%20the%20instrumental%2C%20%27Telstar%27%3F|The%20Tornados|The%20Ventures|The%20Spotnicks|The%20Tremeloes|
Science%20%26%20Nature|medium|Hippopotomonstrosesquippedaliophobia%20is%20the%20irrational%20fear%20of%20long%20words.|True|False|
Geography|easy|What%20state%20is%20the%20largest%20state%20of%20the%20United%20States%20of%20America%3F|Alaska|California|Texas|Washington|
History|medium|What%20historical%20event%20was%20Tchaikovsky%27s%201812%20Overture%20referencing%3F|The%20Napoleonic%20Wars|The%20American%20War%20of%201812|The%20Russian%20Revolution|The%20Charge%20of%20the%20Light%20Brigade%20%28Crimean%20War%29|
Geography|easy|What%20is%20the%20capital%20of%20Denmark%3F|Copenhagen|Aarhus|Odense|Aalborg|
General%20Knowledge|hard|The%20words%20%22bungalow%22%20and%20%22shampoo%22%20originate%20from%20the%20languages%20of%20which%20country%3F|India|Papua%20New%20Guinea|Ethiopia|China|
General%20Knowledge|easy|What%20is%20%22dabbing%22%3F|A%20dance|A%20medical%20procedure|A%20sport|A%20language|
History|medium|Which%20of%20the%20following%20Assyrian%20kings%20did%20NOT%20rule%20during%20the%20Neo-Assyrian%20Empire%3F|Shamshi-Adad%20III|Shalmaneser%20V|Esharhaddon|Ashur-nasir-pal%20II|
Sports|medium|Which%20nation%20hosted%20the%20FIFA%20World%20Cup%20in%202006%3F|Germany|United%20Kingdom|Brazil|South%20Africa|
Entertainment%3A%20Comics|medium|What%20was%20the%20name%20of%20the%20first%20Robin%20in%20the%20Batman%20comics%3F|Dick%20Grayson|Bruce%20Wayne|Jason%20Todd|Tim%20Drake|
Politics|easy|In%202016%2C%20the%20United%20Kingdom%20voted%20to%20stay%20in%20the%20EU.|False|True|
General%20Knowledge|medium|In%202013%20how%20much%20money%20was%20lost%20by%20Nigerian%20scams%3F|%2412.7%20Billion|%2495%20Million|%24956%20Million|%242.7%20Billion|
Entertainment%3A%20Video%20Games|hard|When%20was%20the%20first%20%22Half-Life%22%20released%3F|1998|2004|1999|1997|
Science%3A%20Computers|medium|What%20does%20the%20acronym%20CDN%20stand%20for%20in%20terms%20of%20networking%3F|Content%20Delivery%20Network|Content%20Distribution%20Network|Computational%20Data%20Network|Compressed%20Data%20Network|
Vehicles|medium|Which%20of%20these%20car%20models%20are%20produced%20by%20Lamborghini%3F|Aventador|Huayra|918|Chiron|
Geography|hard|Where%20is%20the%20fast%20food%20chain%20%22Panda%20Express%22%20headquartered%3F|Rosemead%2C%20California|Sacramento%2C%20California|Fresno%2C%20California|San%20Diego%2C%20California|
Science%3A%20Computers|hard|DHCP%20stands%20for%20Dynamic%20Host%20Configuration%20Port.|False|True|
Mythology|easy|The%20greek%20god%20Poseidon%20was%20the%20god%20of%20what%3F|The%20Sea|War|Sun|Fire|
Entertainment%3A%20Video%20Games|medium|Which%20Game%20Development%20company%20made%20No%20Man%27s%20Sky%3F|Hello%20Games|Dovetail%20Games|Valve|Blizzard%20Entertainment|
Science%20%26%20Nature|easy|An%20exothermic%20reaction%20is%20a%20chemical%20reaction%20that%20releases%20energy%20by%20radiating%20electricity.|False|True|
Politics|hard|%22Yes%2C%20America%20Can%21%22%20was%20this%20United%20States%20politician%27s%20de%20facto%20campaign%20slogan%20in%202004.|George%20W.%20Bush|John%20Kerry|Barack%20Obama|Al%20Gore|
Geography|easy|How%20many%20stars%20are%20featured%20on%20New%20Zealand%27s%20flag%3F|4|5|2|0|
Entertainment%3A%20Video%20Games|medium|Phil%20Fish%20was%20the%20designer%20of%20which%20game%3F|Fez|Super%20Meat%20Boy|Hotline%20Miami|FTL|
Entertainment%3A%20Video%20Games|medium|In%20Riot%20Games%20%22League%20of%20Legends%22%20the%20name%20of%20Halloween%20event%20is%20called%20%22The%20Reckoning%22.|False|True|
Politics|easy|Who%20was%20the%2045th%20President%20of%20the%20United%20States%3F|Donald%20Trump|Barack%20Obama|Bill%20Clinton|George%20Bush|
Entertainment%3A%20Musicals%20%26%20Theatres|easy|%22Doctor%20Who%22%20star%20David%20Tennant%20performed%20in%20a%20rendition%20of%20which%20Shakespearean%20play%3F|Hamlet|The%20Tempest|Othello|The%20Taming%20of%20the%20Shrew|
General%20Knowledge|medium|Which%20iconic%20Disneyland%20attraction%20was%20closed%20in%202017%20to%20be%20remodeled%20as%20a%20%22Guardians%20of%20the%20Galaxy%22%20themed%20ride%3F|Twilight%20Zone%20Tower%20of%20Terror|The%20Haunted%20Mansion|Pirates%20of%20the%20Caribbean|Peter%20Pan%27s%20Flight|
Entertainment%3A%20Television|easy|Which%20of%20these%20Disney%20shows%20is%20classified%20as%20an%20anime%3F|Stitch%21|Cory%20in%20the%20House|The%20Emperor%27s%20New%20School|Hannah%20Montana|
Entertainment%3A%20Video%20Games|medium|The%20ADAM%20collecters%20in%20the%20Bioshock%20series%20are%20known%20as%20Little%20Sisters.|True|False|
Entertainment%3A%20Cartoon%20%26%20Animations|medium|Adam%20West%20was%20the%20mayor%20of%20which%20cartoon%20town%3F|Quahog|Springfield|South%20Park|Langley%20Falls|
Politics|medium|Before%202016%2C%20in%20which%20other%20year%20did%20Donald%20Trump%20run%20for%20President%3F|2000|2012|1988|2008|
Entertainment%3A%20Video%20Games|medium|Which%20of%20the%20following%20colors%20does%20the%20Zombie%20eyes%20glow%20in%20the%20%22Nuketown%22%20map%20in%20%22Call%20of%20Duty%3A%20Black%20Ops%20II%22%20Zombies%20mode%3F|Yellow%20and%20Blue|Yellow%20and%20Red|Red%20and%20Blue|Blue%20and%20White|
Animals|medium|The%20dish%20Fugu%2C%20is%20made%20from%20what%20family%20of%20fish%3F|Pufferfish|Bass|Salmon|Mackerel|
Politics|medium|What%20was%20the%20personal%20nickname%20of%20the%2040th%20Governor%20of%20the%20US%20State%20Louisiana%2C%20Huey%20Long%3F|The%20Kingfish|The%20Champ|The%20Hoot%20Owl|The%20Oracle|
Entertainment%3A%20Japanese%20Anime%20%26%20Manga|hard|Which%20animation%20studio%20animated%20%22To%20Love-Ru%22%3F|Xebec|Trigger|Sunrise|Kyoto%20Animation|
Science%20%26%20Nature|hard|Coulrophobia%20is%20the%20irrational%20fear%20of%20what%3F|Clowns|Cemeteries|Needles|Tunnels|
Entertainment%3A%20Film|medium|What%20film%20did%20James%20Cameron%27s%20Avatar%20dethrone%20as%20the%20highest-grossing%20film%20ever%3F|Titanic|Star%20Wars|Gone%20with%20the%20Wind|Jaws|
History|medium|In%201845%2C%20a%20series%20of%20wars%20named%20after%20which%20indigenous%20people%20began%20in%20New%20Zealand%3F|M%C4%81ori|Papuans|Aborigines|Polynesians|
Science%3A%20Mathematics|easy|An%20equilateral%20triangle%20always%20has%20every%20angle%20measuring%2060%C2%B0.|True|False|
Geography|medium|What%20is%20the%20name%20of%20the%20only%20remaining%20Grand%20Duchy%20in%20the%20world%20%3F|Luxembourg|Montenegro|Liechtenstein|Andorra|
General%20Knowledge|easy|The%20Flag%20of%20the%20European%20Union%20has%20how%20many%20stars%20on%20it%3F|12|10|14|16|
Entertainment%3A%20Video%20Games|easy|In%20%22PUBATTLEGROUNDS%22%20which%20ammo%20type%20does%20the%20M24%20use%3F|7.62mm|5.56mm|9mm|.300%20Magnum|
General%20Knowledge|hard|In%20the%20MMO%20RPG%20%22Realm%20of%20the%20Mad%20God%22%2C%20what%20dungeon%20is%20widely%20considered%20to%20be%20the%20most%20difficult%3F|The%20Shatter%27s|Snake%20Pit|The%20Tomb%20of%20the%20Acient%27s|The%20Puppet%20Master%27s%20Theater|
Entertainment%3A%20Japanese%20Anime%20%26%20Manga|medium|How%20does%20the%20character%20Dragowizard%2C%20Qinus%20Axia%27s%20from%20the%20anime%20%22Buddyfight%22%20differ%20between%20the%20Japanese%20and%20English%20dubs%3F|Different%20Gender|Different%20Body%20Proportions|Different%20Backstory|Different%20Appearance|
History|hard|Which%20U.S.%20president%20was%20said%20to%20have%20been%20too%20honest%20to%20lie%20to%20his%20father%20about%20chopping%20down%20a%20cherry%20tree%3F|George%20Washington|Abraham%20Lincoln|Thomas%20Jefferson|James%20Monroe|
Geography|hard|Bir%20Tawil%2C%20an%20uninhabited%20track%20of%20land%20claimed%20by%20no%20country%2C%20is%20located%20along%20the%20border%20of%20which%20two%20countries%3F|Egypt%20and%20Sudan|Israel%20and%20Jordan|Chad%20and%20Libya|Iraq%20and%20Saudi%20Arabia|
History|medium|The%20fraudelent%20doctor%20John%20R.%20Brinkley%20acummulated%20great%20fame%20and%20wealth%20in%20the%20early%201900s%20offering%20what%20service%3F|Goat%20testicles%20transplant|Pig%20blood%20transfusion|Cow%20liver%20transplant|Turkey%20breast%20implants|
Geography|medium|Which%20of%20these%20American%20cities%20has%20fewer%20than%201%2C000%2C000%20people%3F|San%20Francisco%2C%20California|Phoenix%2C%20Arizona|San%20Antonio%2C%20Texas|Philadelphia%2C%20Pennsylvania|
Entertainment%3A%20Music|medium|Green%20Day%27s%20album%20%27American%20Idiot%27%20is%20considered%20a%20%22punk%20rock%20opera.%22|True|False|
Entertainment%3A%20Comics|easy|What%27s%20the%20race%20of%20Invincible%27s%20father%3F|Viltrumite|Kryptonian|Kree|Irken|
Entertainment%3A%20Film|easy|Which%20of%20the%20following%20movies%20was%20not%20based%20on%20a%20novel%20by%20Stephen%20King%3F%20|The%20Thing|Carrie|Misery|The%20Green%20Mile|
Entertainment%3A%20Video%20Games|easy|How%20many%20games%20in%20the%20Crash%20Bandicoot%20series%20were%20released%20on%20the%20original%20Playstation%3F|5|4|3|6|
Geography|hard|What%20country%20is%20not%20a%20part%20of%20Scandinavia%3F|Finland|Norway|Sweden|Denmark|
History|hard|Japan%20was%20part%20of%20the%20Allied%20Powers%20during%20World%20War%20I.|True|False|
Politics|medium|Which%20president%20erased%20the%20national%20debt%20of%20the%20United%20States%3F|Andrew%20Jackson|Ronald%20Reagan|John%20F.%20Kennedy|Franklin%20Roosevelt|
Science%20%26%20Nature|hard|What%20common%20name%20is%20given%20to%20the%20medial%20condition%2C%20tibial%20stress%20syndrome%20%28MTSS%29%3F|Shin%20Splints|Tennis%20Elbow|Carpal%20Tunnel|Housemaid%27s%20Knee|
Politics|easy|The%20S%20in%20Harry%20S.%20Truman%20stands%20for%20%22Samuel%22.|False|True|
General%20Knowledge|medium|The%20vapor%20produced%20by%20e-cigarettes%20is%20actually%20water.|False|True|
Entertainment%3A%20Books|medium|In%20the%20%22The%20Hobbit%22%2C%20who%20kills%20Smaug%3F|Bard|Bilbo%20Baggins|Gandalf%20the%20Grey|Frodo|
Geography|easy|Which%20nation%20claims%20ownership%20of%20Antarctica%3F|No%20one%2C%20but%20there%20are%20claims.|United%20States%20of%20America|United%20Nations|Australia|
Sports|easy|The%20Rio%202016%20Summer%20Olympics%20held%20it%27s%20closing%20ceremony%20on%20what%20date%3F|August%2021|August%2023|August%2019|August%2017|
Entertainment%3A%20Music|medium|Which%20of%20these%20artists%20has%20NOT%20been%20a%20member%20of%20dancehall%20group%20Major%20Lazer%3F|Skrillex|Diplo|Jillionaire|Walshy%20Fire|
Entertainment%3A%20Video%20Games|easy|What%20does%20IWHBYD%20stand%20for%20on%20the%20skull%20in%20the%20Halo%20series%3F|I%20Would%20Have%20Been%20Your%20Daddy|I%20Wanna%20Have%20Babies%20You%20Down|I%20Would%20Hate%20Being%20Your%20Driver|I%20Would%20Have%20Bought%20Your%20Dog|
General%20Knowledge|medium|You%20are%20allowed%20to%20sell%20your%20soul%20on%20eBay.|False|True|
Entertainment%3A%20Video%20Games|hard|What%20is%20the%20name%20of%20the%20main%20character%20in%20the%20video%20game%20VA-11%20HALL-A%3A%20Cyberpunk%20Bartender%20Action%3F|Jill|Dana|Alma|Anna|
Geography|medium|What%20is%20the%20largest%20lake%20in%20the%20African%20continent%3F|Lake%20Victoria|Lake%20Tanganyika|Lake%20Malawi|Lake%20Turkana|
Geography|medium|Vietnam%20is%20the%20only%20country%20in%20the%20world%20that%20starts%20with%20V.%20|False|True|
Entertainment%3A%20Film|easy|Who%20plays%20Alice%20in%20the%20Resident%20Evil%20movies%3F|Milla%20Jovovich|Madison%20Derpe|Milla%20Johnson|Kim%20Demp|
Entertainment%3A%20Books|easy|What%27s%20Harry%20Potter%27s%20dad%27s%20name%3F|James%20Potter|Joey%20Potter|Frank%20Potter|Hairy%20Potter%20Sr.|
Entertainment%3A%20Music|medium|What%20is%20the%20real%20name%20of%20Canadian%20electronic%20music%20producer%20deadmau5%3F|Joel%20Zimmerman|Sonny%20Moore|Adam%20Richard%20Wiles|Thomas%20Wesley%20Pentz|
Science%20%26%20Nature|hard|Which%20moon%20is%20the%20only%20satellite%20in%20our%20solar%20system%20to%20possess%20a%20dense%20atmosphere%3F|Titan|Europa|Miranda|Callisto|
Entertainment%3A%20Video%20Games|easy|In%20Danganronpa%3A%20Trigger%20Happy%20Havoc%2C%20what%20is%20the%20protagonist%27s%20name%3F|Makoto%20Naegi|Hajime%20Hinata|Nagito%20Komaeda|Komaru%20Naegi|
Entertainment%3A%20Japanese%20Anime%20%26%20Manga|easy|The%20name%20of%20the%20attack%20%22Kamehameha%22%20in%20Dragon%20Ball%20Z%20was%20named%20after%20a%20famous%20king%20of%20Hawaii.|True|False|
Sports|medium|Which%20soccer%20team%20won%20the%20Copa%20Am%C3%A9rica%202015%20Championship%20%3F|Chile|Argentina|Brazil|Paraguay|
Entertainment%3A%20Music|medium|When%20did%20The%20Beatles%20release%20the%20LP%20%22Please%20Please%20Me%22%3F|1963|1970|1960|1969|
Geography|easy|What%20is%20the%20capital%20of%20the%20US%20State%20of%20New%20York%3F|Albany|Buffalo|New%20York|Rochester|
Science%20%26%20Nature|easy|An%20exothermic%20reaction%20is%20a%20chemical%20reaction%20that%20releases%20energy%20by%20radiating%20electricity.|False|True|
Sports|medium|In%202016%2C%20who%20won%20the%20Formula%201%20World%20Constructor%27s%20Championship%20for%20the%20third%20time%20in%20a%20row%3F|Mercedes-AMG%20Petronas|Scuderia%20Ferrari|McLaren%20Honda|Red%20Bull%20Racing%20Renault|
Art|medium|Which%20artist%27s%20style%20was%20to%20use%20small%20different%20colored%20dots%20to%20create%20a%20picture%3F|Georges%20Seurat|Paul%20C%C3%A9zanne|Vincent%20Van%20Gogh|Henri%20Rousseau|
Entertainment%3A%20Video%20Games|medium|In%20the%20Pok%C3%A9mon%20series%2C%20which%20type%20is%20Sudowoodo%2C%20the%20Imitation%20Pok%C3%A9mon%3F|Rock|Grass|Bug|Ground|
Entertainment%3A%20Video%20Games|hard|How%20many%20trophies%20are%20there%20in%20%22Super%20Smash%20Bros.%20for%20Nintendo%203DS%22%3F|685|1360|716|1155|
Entertainment%3A%20Film|easy|Who%20plays%20the%20character%20of%20Po%20in%20the%20Kung%20Fu%20Panda%20movies%3F|Jack%20Black|Mirana%20Jonnes|McConahey%20Ramses|Jim%20Petersson|
Science%3A%20Computers|medium|Which%20of%20these%20people%20was%20NOT%20a%20founder%20of%20Apple%20Inc%3F|Jonathan%20Ive|Steve%20Jobs|Ronald%20Wayne|Steve%20Wozniak|
Science%3A%20Gadgets|medium|Mobile%20hardware%20and%20software%20company%20%22Blackberry%20Limited%22%20was%20founded%20in%20which%20country%3F|Canada|Norway|United%20States%20of%20America|United%20Kingdom|
General%20Knowledge|hard|In%20flight%20systems%2C%20what%20does%20the%20initialism%20%22TCAS%22%20stand%20for%3F|Traffic%20Collision%20Avoidance%20System|Traffic%20Communication%20Alert%20System|Traffic%20Configuration%20Alignment%20System|Traffic%20Call-sign%20Abbreviation%20System|
Entertainment%3A%20Television|medium|%22The%20A%20Team%22%20first%20aired%20in%20the%20USA%20and%20in%20the%20UK%20in%20what%20year%3F|1983|1981|1985|1987|
Geography|medium|Which%20English%20county%20will%20you%20find%20the%20University%20of%20East%20Anglia%3F|Norfolk|Suffolk|Essex|Cambridgeshire|
Entertainment%3A%20Film|easy|Which%20of%20these%20Movies%20was%20NOT%20released%20in%201996%3F|Gladiator|Independence%20Day|The%20Rock|Mission%3A%20Impossible|
General%20Knowledge|medium|The%20commercial%20UK%20channel%20ITV%20stands%20for%20%22International%20Television%22.|False|True|
Entertainment%3A%20Video%20Games|medium|In%20%22Kingdom%20Hearts%22%2C%20who%20abducts%20Jasmine%20in%20the%20Lamp%20Chamber%3F|Riku|Riku%20Replica|Xaldin|Captain%20Hook|
Entertainment%3A%20Video%20Games|easy|In%20Fallout%3A%20New%20Vegas%2C%20which%20one%20of%20these%20casinos%20can%20you%20not%20play%20in%3F|Lucky%2038|The%20Tops|Gammorah|Ultra-Luxe|
General%20Knowledge|hard|What%20is%20the%20weight%20of%20a%20Gold%20Bar%20in%20Fallout%3A%20New%20Vegas%3F|35%20Pounds|30%20Pounds|40%20Pounds|32.50%20Pounds|
General%20Knowledge|hard|In%20%22Battle%20Cats%22%2C%20what%20is%20Moneko%20%2F%20MISS%20Moneko%27s%20critical%20percentage%20rate%3F|15%25|20%25|10%25|25%25|
Science%3A%20Computers|hard|What%20major%20programming%20language%20does%20Unreal%20Engine%204%20use%3F|C%2B%2B|Assembly|C%23|ECMAScript|
History|hard|The%20Bohemian%20Revolt%20%281618-1620%29%20started%20after%20Protestants%20in%20Prague%20did%20what%20to%20their%20Catholic%20Lords%20Regents%3F|Threw%20them%20out%20of%20a%20window|Insulted%20their%20mothers|Locked%20them%20in%20stockades|Hung%20them.|
General%20Knowledge|hard|Which%20of%20the%20following%20%20British%20Monarchs%20never%20appeared%20on%20a%20circulated%20pound%20sterling%20coin%3F|Edward%20VIII|Victoria|George%20VI|Charles%20II|
Geography|medium|The%20Pyrenees%20mountains%20are%20located%20on%20the%20border%20of%20which%20two%20countries%3F|France%20and%20Spain|Italy%20and%20Switzerland|Norway%20and%20Sweden|Russia%20and%20Ukraine|
Entertainment%3A%20Cartoon%20%26%20Animations|medium|What%20animated%20internet%20character%20is%20known%20to%20answer%20emails%20with%20his%20boxing%20gloves%3F|Strong%20Bad|Strong%20Sad|Strong%20Mad|Strong%20Glad|
Entertainment%3A%20Video%20Games|medium|How%20many%20sets%20of%20grandmaster%20witcher%20gear%20are%20in%20The%20Witcher%203%27s%20Blood%20and%20Wine%20DLC%3F|5|3|6|4|
Entertainment%3A%20Books|hard|In%20The%20Lies%20Of%20Locke%20Lamora%2C%20what%20does%20%22Lamora%22%20mean%20in%20Throne%20Therin%3F|Shadow|Thievery|Justice|Chaos|
Entertainment%3A%20Music|easy|What%20is%20not%20a%20wind%20instrument%3F|Viola|Oboe|Trombone|Duduk|
General%20Knowledge|medium|According%20to%20the%20BBPA%2C%20what%20is%20the%20most%20common%20pub%20name%20in%20the%20UK%3F|Red%20Lion|Royal%20Oak|White%20Hart|King%27s%20Head|
General%20Knowledge|easy|Which%20company%20did%20Valve%20cooperate%20with%20in%20the%20creation%20of%20the%20Vive%3F|HTC|Oculus|Google|Razer|
Entertainment%3A%20Video%20Games|medium|Who%20was%20the%20mascot%20of%20SEGA%20before%20%22Sonic%20the%20Hedgehog%22%3F|Alex%20Kidd|Opa%20Opa|NiGHTS|Ristar|
General%20Knowledge|easy|In%20the%20video-game%20franchise%20Kingdom%20Hearts%2C%20the%20main%20protagonist%2C%20carries%20a%20weapon%20with%20what%20shape%3F|Key|Sword|Pen|Cellphone|
General%20Knowledge|medium|What%20is%20the%20defining%20characteristic%20of%20someone%20who%20is%20described%20as%20hirsute%3F|Hairy|Rude|Funny|Tall|
History|easy|The%20Cold%20War%20ended%20with%20Joseph%20Stalin%27s%20death.|False|True|
Entertainment%3A%20Music|medium|Which%20of%20these%20is%20NOT%20an%20album%20released%20by%20The%20Beatles%3F|The%20Wall|Abbey%20Road|Magical%20Mystery%20Tour|Revolver|
Entertainment%3A%20Music|easy|The%20music%20video%20to%20The%20Buggle%27s%20%22Video%20Killed%20the%20Radio%20Star%22%20was%20the%20first%20music%20video%20to%20broadcast%20on%20MTV.|True|False|
General%20Knowledge|easy|What%20geometric%20shape%20is%20generally%20used%20for%20stop%20signs%3F|Octagon|Hexagon|Circle|Triangle|
History|medium|Which%20country%20had%20an%20%22Orange%20Revolution%22%20between%202004%20and%202005%3F|Ukraine|Belarus|Latvia|Lithuania|
Entertainment%3A%20Music|easy|What%20is%20the%20name%20of%20the%20album%20released%20in%202014%20by%20American%20band%20Maroon%205%3F|V|X|III|IV|
Vehicles|hard|The%20difference%20between%20the%20lengths%20of%20a%20Boeing%20777-300ER%20and%20an%20Airbus%20A350-1000%20is%20closest%20to%3A|0.1m|1m|10m%20|100m|
Mythology|easy|Who%20was%20the%20King%20of%20Gods%20in%20Ancient%20Greek%20mythology%3F|Zeus|Apollo|Hermes|Poseidon|
General%20Knowledge|hard|Which%20of%20the%20following%20is%20not%20another%20name%20for%20the%20eggplant%3F|Potimarron|Brinjal|Guinea%20Squash|Melongene|
Animals|medium|What%20are%20rhino%27s%20horn%20made%20of%3F|Keratin|Bone|Ivory|Skin|
Entertainment%3A%20Television|easy|In%20the%20show%20Stranger%20Things%2C%20what%20is%20Eleven%27s%20favorite%20breakfast%20food%3F|Eggo%20Waffles|Toast|Captain%20Crunch|Bacon%20and%20Eggs|
Entertainment%3A%20Video%20Games|easy|In%20Splatoon%2C%20the%20Squid%20Sisters%20are%20named%20Tako%20and%20Yaki.|False|True|
General%20Knowledge|easy|According%20to%20Sherlock%20Holmes%2C%20%22If%20you%20eliminate%20the%20impossible%2C%20whatever%20remains%2C%20however%20improbable%2C%20must%20be%20the...%22|Truth|Answer|Cause|Source|
Entertainment%3A%20Books|hard|Where%20does%20the%20book%20%22The%20Silence%20of%20the%20Lambs%22%20get%20its%20title%20from%3F|The%20main%20character%27s%20trauma%20in%20childhood|The%20relation%20it%20has%20with%20killing%20the%20innocents|The%20villain%27s%20favourite%20meal|The%20voice%20of%20innocent%20people%20being%20shut%20by%20the%20powerful|
Entertainment%3A%20Music|easy|What%20was%20Daft%20Punk%27s%20first%20studio%20album%3F|Homework|Discovery|Random%20Access%20Memories|Human%20After%20All|
Entertainment%3A%20Books|hard|Harry%20Potter%20was%20born%20on%20July%2031st%2C%201980.|True|False|
Entertainment%3A%20Video%20Games|easy|Which%20%22Fallout%3A%20New%20Vegas%22%20quest%20is%20NOT%20named%20after%20a%20real-life%20song%3F|They%20Went%20That-a-Way|Come%20Fly%20With%20Me|Ain%27t%20That%20a%20Kick%20in%20the%20Head|Ring-a-Ding%20Ding|
Entertainment%3A%20Television|medium|Like%20his%20character%20in%20%22Parks%20and%20Recreation%22%2C%20Aziz%20Ansari%20was%20born%20in%20South%20Carolina.|True|False|
Entertainment%3A%20Video%20Games|easy|What%20game%20was%20used%20to%20advertise%20Steam%3F|Counter-Strike%201.6|Half-Life|Half-Life%202|Team%20Fortress|
Celebrities|hard|Lady%20Gaga%27s%20real%20name%20is%20Stefani%20Joanne%20Angelina%20Germanotta.|True|False|
Science%3A%20Gadgets|hard|Which%20of%20the%20following%20cellular%20device%20companies%20is%20NOT%20headquartered%20in%20Asia%3F|Nokia|LG%20Electronics|Samsung|HTC|
Science%20%26%20Nature|medium|What%20is%20the%20unit%20of%20electrical%20capacitance%3F|Farad|Gauss|Henry|Watt|
Entertainment%3A%20Video%20Games|medium|What%20is%20the%20name%20of%20Cream%20the%20Rabbit%27s%20mom%20in%20the%20%22Sonic%20the%20Hedgehog%22%20series%3F|Vanilla|Peach|Strawberry|Mint|
Entertainment%3A%20Video%20Games|medium|What%20is%20the%20name%20of%20the%20creature%20that%20the%20main%20character%20befriends%20in%20%22The%20Last%20Guardian%22%3F|Trico|Nico|Wolf|Andazi|
Geography|easy|Hungary%20is%20the%20only%20country%20in%20the%20world%20beginning%20with%20H.|False|True|
Sports|medium|Who%20won%20the%202015%20College%20Football%20Playoff%20%28CFP%29%20National%20Championship%3F%20|Ohio%20State%20Buckeyes|Alabama%20Crimson%20Tide|Clemson%20Tigers|Wisconsin%20Badgers|
General%20Knowledge|hard|Who%20founded%20the%20Khan%20Academy%3F|Sal%20Khan|Ben%20Khan|Kitt%20Khan|Adel%20Khan|
Entertainment%3A%20Cartoon%20%26%20Animations|medium|How%20many%20episodes%20were%20in%20season%20five%20of%20Samurai%20Jack%3F|10|12|11|13|
Entertainment%3A%20Video%20Games|hard|What%20was%20the%20name%20of%20Sonic%20the%20Hedgehog%27s%20original%20human%20girlfriend%3F|Madonna|Celeste|Sierra|Nina|
History|easy|Which%20modern%20country%20is%20known%20as%20%22The%20Graveyard%20of%20Empires%22%3F|Afghanistan|China|Iraq|Russia|
Entertainment%3A%20Video%20Games|medium|Which%20of%20the%20following%20is%20not%20a%20prosecutor%20in%20the%20%22Ace%20Attorney%22%20video%20game%20series%3F|Jake%20Marshall|Godot|Miles%20Edgeworth|Jacques%20Portsman|
General%20Knowledge|medium|In%20ancient%20Greece%2C%20if%20your%20job%20were%20a%20%22hippeus%22%20which%20of%20these%20would%20you%20own%3F|Horse|Weave|Guitar|Boat|
Entertainment%3A%20Japanese%20Anime%20%26%20Manga|medium|What%20was%20the%20reason%20for%20the%20banning%20of%20episode%2035%20of%20the%20%22Pok%C3%A9mon%20Original%20Series%22%20Anime%3F|Gun%20Usage|Flashing%20Images|Jynx|Strong%20Violence|
Animals|easy|What%20is%20the%20name%20of%20a%20rabbit%27s%20abode%3F|Burrow|Nest|Den|Dray|
Entertainment%3A%20Video%20Games|hard|What%20is%20the%20name%20of%20the%20alligator%20in%20Where%27s%20My%20Water%3F|Swampy|Cranky|Crocky|Justice|
History|hard|Which%20countries%20participated%20in%20the%20Lobster%20War%3F|France%20and%20Brazil|Canada%20and%20Norway|Australia%20and%20New%20Zealand|United%20States%20and%20England|
Entertainment%3A%20Television|medium|What%20does%20Bart%20sell%20his%20soul%20for%20in%20The%20Simpsons%20episode%20%27Bart%20Sells%20His%20Soul%27%3F|%245|A%20Copy%20of%20Bonestorm%202|%24100|A%20Giant%20Gobstopper|
History|hard|Which%20of%20the%20following%20physicists%20did%20NOT%20work%20on%20the%20Manhattan%20project%3F|Murray%20Gell-Mann|Richard%20Feynman|J.%20Robert%20Oppenheimer|John%20Von-Neumann|
Entertainment%3A%20Film|medium|After%20India%2C%20which%20country%20produces%20the%20second%20most%20movies%20per%20year%3F|Nigeria|United%20States|China|France|
History|medium|The%20fraudelent%20doctor%20John%20R.%20Brinkley%20acummulated%20great%20fame%20and%20wealth%20in%20the%20early%201900s%20offering%20what%20service%3F|Goat%20testicles%20transplant|Pig%20blood%20transfusion|Cow%20liver%20transplant|Turkey%20breast%20implants|
Entertainment%3A%20Japanese%20Anime%20%26%20Manga|medium|In%20the%20series%20JoJo%27s%20Bizarre%20Adventure%2C%20which%20main%20character%20makes%20the%20greatest%20number%20of%20recurring%20appearances%3F|Jotaro%20Kujo|Giorno%20Giovanna|Joseph%20Joestar|Josuke%20Higashikata|
Entertainment%3A%20Film|hard|Which%20singer%20is%20portrayed%20by%20Bruce%20Campbell%20in%20the%202002%20film%20%27Bubba%20Ho-Tep%27%3F|Elvis%20Presley|Johnny%20Cash|Hank%20Williams%2C%20Sr.|Buddy%20Holly|
Entertainment%3A%20Video%20Games|hard|In%20Terraria%2C%20which%20debuff%20does%20the%20ankh%20charm%20not%20provide%20immunity%20to%3F|Venom|Cursed|Bleeding|Slow|
Science%3A%20Mathematics|medium|In%20the%20complex%20plane%2C%20multiplying%20a%20given%20function%20by%20i%20rotates%20it%20anti-clockwise%20by%20how%20many%20degrees%3F|90|180|270|0|
Entertainment%3A%20Video%20Games|easy|What%20is%20the%20name%20of%20%22Team%20Fortress%202%22%20update%2C%20in%20which%20it%20became%20Free-to-play%3F|%C3%9Cber%20Update|Pyromania%20Update|Mann-Conomy%20Update|Engineer%20Update|
History|medium|What%20event%20marked%20the%20start%20of%20World%20War%20II%3F|Invasion%20of%20Poland%20%281939%29|Invasion%20of%20Russia%20%281942%29|Battle%20of%20Britain%20%281940%29|Invasion%20of%20Normandy%20%281944%29|
Entertainment%3A%20Books|medium|How%20many%20books%20are%20in%20the%20Chronicles%20of%20Narnia%20series%3F|7|6|8|5|
General%20Knowledge|easy|In%20the%20video-game%20franchise%20Kingdom%20Hearts%2C%20the%20main%20protagonist%2C%20carries%20a%20weapon%20with%20what%20shape%3F|Key|Sword|Pen|Cellphone|
General%20Knowledge|medium|Rolex%20is%20a%20company%20that%20specializes%20in%20what%20type%20of%20product%3F|Watches|Cars|Computers|Sports%20equipment|
Entertainment%3A%20Video%20Games|easy|Who%20is%20the%20main%20character%20of%20the%20game%20Half-Life%3A%20Opposing%20Force%3F|Adrian%20Shephard|Gordon%20Freeman|Alyx%20Vance|Barney%20Calhoun|
Entertainment%3A%20Film|easy|The%20Queen%20song%20%60A%20Kind%20Of%20Magic%60%20is%20featured%20in%20which%201986%20film%3F|Highlander|Flash%20Gordon|Labyrinth|Howard%20the%20Duck|
Geography|medium|The%20Southeast%20Asian%20island%20of%20Borneo%20is%20politically%20divided%20among%203%20countries.|True|False|
Entertainment%3A%20Japanese%20Anime%20%26%20Manga|easy|What%20is%20the%20name%20of%20the%20corgi%20in%20Cowboy%20Bebop%3F|Einstein|Edward|Rocket|Joel|
Science%20%26%20Nature|easy|What%20does%20DNA%20stand%20for%3F|Deoxyribonucleic%20Acid|Deoxyribogenetic%20Acid|Deoxyribogenetic%20Atoms|Detoxic%20Acid|
Entertainment%3A%20Music|medium|What%27s%20the%20most%20common%20time%20signature%20for%20rock%20songs%3F|4%2F4|1%2F2|8%2F12|2%2F4|
Entertainment%3A%20Video%20Games|medium|In%20World%20of%20Warcraft%20lore%2C%20Thrall%20is%20the%20original%20wielder%20of%20%22Doomhammer%22.|False|True|
History|easy|United%20States%20President%20John%20F.%20Kennedy%20was%20assassinated%20during%20his%20presidential%20motorcade%20in%20Atlanta%2C%20Georgia%20on%20November%2022nd%2C%201963.|False|True|
Entertainment%3A%20Video%20Games|easy|In%20what%20city%20in%20the%20dystopia%20alternate%20future%20of%20Half-Life%202%20do%20you%20first%20start%20in%3F|City%2017|City%2018|City%206|City%2045|
Entertainment%3A%20Musicals%20%26%20Theatres|medium|What%20was%20George%20Bizet%27s%20last%20opera%3F|Carmen|Don%20Rodrigue|Gris%C3%A9lidis|Les%20p%C3%AAcheurs%20de%20perles|
Entertainment%3A%20Film|medium|Which%20one%20of%20these%20action%20movies%20are%20shot%20entirely%20in%20one%20take%3F|Victoria|Ip%20Man%202|The%20Bourne%20Legacy|L%C3%A9on%3A%20The%20Professional|
Entertainment%3A%20Video%20Games|easy|What%20was%20Frank%20West%27s%20job%20in%20%22Dead%20Rising%22%3F|Photojournalist|Janitor|Chef|Taxi%20Driver|
Entertainment%3A%20Television|easy|The%20%22Psycho%22%20series%20of%20videos%20on%20YouTube%20was%20created%20by%20which%20of%20the%20following%3F|RiDGiD%20STUDiOS|Dan%20Bell|Billy%20Familia|VeganGainz|
Entertainment%3A%20Video%20Games|easy|Which%20of%20these%20is%20NOT%20a%20Humongous%20Entertainment%20game%20franchise%3F|Commander%20Keen|Pajama%20Sam|Putt-Putt|Freddi%20Fish|
Entertainment%3A%20Video%20Games|hard|In%20the%20Fallout%20series%2C%20on%20which%20date%20did%20The%20Great%20War%20happen%3F|October%2023rd%2C%202077|May%2015th%2C%202058|December%2014th%2C%202069|November%205th%2C%202076|
Entertainment%3A%20Video%20Games|easy|What%20is%20the%20maximum%20HP%20in%20Terraria%3F|500|400|1000|100|
Entertainment%3A%20Film|easy|In%20the%20movie%20The%20Revenant%2C%20DiCaprio%27s%20character%20hunts%20down%20the%20killer%20of%20his%20son.|True|False|
Geography|medium|What%20is%20the%20smallest%20country%20in%20South%20America%20by%20area%3F|Suriname|Brazil|Uruguay|Chile|
Entertainment%3A%20Japanese%20Anime%20%26%20Manga|medium|Which%20of%20the%20following%20anime%20of%20the%20mecha%20genre%20began%20airing%20in%201982%3F|The%20Super%20Dimension%20Fortress%20Macross|Mobile%20Suit%20Gundam|Armored%20Trooper%20VOTOMS|Neon%20Genesis%20Evangelion|
General%20Knowledge|easy|What%20is%20the%20name%20of%20Poland%20in%20Polish%3F|Polska|Pupcia|Polszka|P%C3%B3land|
Entertainment%3A%20Film|easy|In%20the%20movie%20Gremlins%2C%20after%20what%20time%20of%20day%20should%20you%20not%20feed%20Mogwai%3F|Midnight|Evening|Morning|Afternoon|
Entertainment%3A%20Film|medium|Who%20played%20the%20Cenobite%20called%20%22Pinhead%22%20in%20the%20original%20Hellraiser%20films%3F|Doug%20Bradley|Doug%20Jones|Doug%20Savant|Doug%20Benson|
Science%3A%20Computers|hard|What%20is%20the%20name%20of%20the%20process%20that%20sends%20one%20qubit%20of%20information%20using%20two%20bits%20of%20classical%20information%3F|Quantum%20Teleportation|Super%20Dense%20Coding|Quantum%20Entanglement|Quantum%20Programming|
Science%3A%20Computers|easy|Linux%20was%20first%20created%20as%20an%20alternative%20to%20Windows%20XP.|False|True|
Science%3A%20Computers|medium|What%20is%20the%20main%20CPU%20is%20the%20Sega%20Mega%20Drive%20%2F%20Sega%20Genesis%3F|Motorola%2068000|Zilog%20Z80|Yamaha%20YM2612|Intel%208088|
Science%3A%20Gadgets|hard|Who%20built%20the%20first%20laser%3F|Theodore%20Harold%20Maiman|Nikola%20Tesla|Jack%20Kilby|Edith%20Clarke|
Entertainment%3A%20Video%20Games|medium|What%20is%20the%20browser%20game%20Kantai%20Collection%20heavily%20inspired%20by%3F|Second%20World%20War|Manga|World%20of%20Warcraft|An%20Anime|
Entertainment%3A%20Japanese%20Anime%20%26%20Manga|medium|Which%20of%20the%20stands%20from%20%22JoJo%27s%20Bizarre%20Adventure%22%20mimics%20the%20likeness%20of%20a%20tomato%3F|Pearl%20Jam|Red%20Hot%20Chili%20Pepper|Cream%20Starter|Nut%20King%20Call|
Entertainment%3A%20Cartoon%20%26%20Animations|hard|In%20%22Gravity%20Falls%22%2C%20how%20much%20does%20Waddles%20weigh%20when%20Mable%20wins%20him%20in%20%22The%20Time%20Traveler%27s%20Pig%22%3F|15%20pounds|20%20pounds|10%20pounds|30%20pounds|
Entertainment%3A%20Video%20Games|easy|Which%20character%20in%20the%20%22Animal%20Crossing%22%20series%20uses%20the%20phrase%20%22zip%20zoom%22%20when%20talking%20to%20the%20player%3F|Scoot|Drake|Bill|Mallary|
Geography|medium|How%20many%20independent%20countries%20are%20there%20within%20the%20continent%20of%20South%20America%3F|12|8|9|10|
Entertainment%3A%20Video%20Games|medium|Where%20does%20%22The%20Legend%20of%20Zelda%3A%20Majora%27s%20Mask%22%20take%20place%3F|Termina|Hyrule|Gysahl|Besaid|
Sports|medium|Why%20was%20The%20Green%20Monster%20at%20Fenway%20Park%20was%20originally%20built%3F|To%20prevent%20viewing%20games%20from%20outside%20the%20park.|To%20make%20getting%20home%20runs%20harder.|To%20display%20advertisements.|To%20provide%20extra%20seating.|
History|medium|Who%20was%20the%20only%20US%20President%20to%20be%20elected%20four%20times%3F|Franklin%20Roosevelt|Theodore%20Roosevelt|George%20Washington|Abraham%20Lincoln|
Entertainment%3A%20Cartoon%20%26%20Animations|medium|Nickelodeon%20is%20owned%20by%20what%20parent%20company%3F|Viacom|CBS|FOX|ABC|
Science%20%26%20Nature|medium|Where%20did%20the%20Great%20Storm%20of%201987%20make%20landfall%20at%2C%20first%3F|Cornwall|Surrey|Wales|The%20Midlands|
Animals|easy|Rabbits%20are%20carnivores.|False|True|
History|hard|Which%20countries%20participated%20in%20the%20Lobster%20War%3F|France%20and%20Brazil|Canada%20and%20Norway|Australia%20and%20New%20Zealand|United%20States%20and%20England|
Science%3A%20Computers|medium|The%20teapot%20often%20seen%20in%20many%203D%20modeling%20applications%20is%20called%20what%3F|Utah%20Teapot|Pixar%20Teapot|3D%20Teapot|Tennessee%20Teapot|
Entertainment%3A%20Music|medium|%22Neutral%20Milk%20Hotel%22%20is%20a%20real%20band.|True|False|
Entertainment%3A%20Video%20Games|easy|In%20Night%20In%20The%20Woods%2C%20where%20does%20Gregg%20work%3F|Snack%20Falcon|Ol%27%20Pickaxe|Video%20Outpost%20%22Too%22|Food%20Donkey|
Entertainment%3A%20Japanese%20Anime%20%26%20Manga|hard|Who%20is%20the%20horror%20manga%20artist%20who%20made%20Uzumaki%3F|Junji%20Ito|Kazuo%20Umezu|Shintaro%20Kago|Sui%20Ishida|
Entertainment%3A%20Video%20Games|medium|What%20is%20a%20Tetris%20piece%20called%3F|Tetromino|Tetratile|Tetris|Tetripiece|
Entertainment%3A%20Japanese%20Anime%20%26%20Manga|hard|Who%20was%20the%20Director%20of%20the%201988%20Anime%20film%20%22Grave%20of%20the%20Fireflies%22%3F|Isao%20Takahata|Hayao%20Miyazaki|Satoshi%20Kon|Sunao%20Katabuchi|
Science%20%26%20Nature|hard|In%20physics%2C%20conservation%20of%20energy%20and%20conservation%20of%20momentum%20are%20both%20consequences%20of%20which%20of%20the%20following%3F|Noether%27s%20Theorem|Bell%27s%20Theorem|Wick%27s%20Theorem|Carnot%27s%20Theorem|
Entertainment%3A%20Board%20Games|easy|Snakes%20and%20Ladders%20was%20originally%20created%20in%20India%3F|True|False|
Entertainment%3A%20Television|easy|In%20the%20TV%20show%20%22Cheers%22%2C%20Sam%20Malone%20was%20a%20former%20relief%20pitcher%20for%20which%20baseball%20team%3F|Boston%20Red%20Sox|New%20York%20Mets|Baltimore%20Orioles|Milwaukee%20Brewers|
History|medium|The%20first%20televised%20presidential%20debate%20was%20between%20Jimmy%20Carter%20and%20Gerald%20Ford.|False|True|
Geography|medium|There%20are%20no%20roads%20in%2Fout%20of%20Juneau%2C%20Alaska.|True|False|
Science%3A%20Computers|medium|Which%20of%20the%20following%20languages%20is%20used%20as%20a%20scripting%20language%20in%20the%20Unity%203D%20game%20engine%3F|C%23|Java|C%2B%2B|Objective-C|
Science%20%26%20Nature|medium|All%20the%20following%20metal%20elements%20are%20liquids%20at%20or%20near%20room%20temperature%20EXCEPT%3A|Beryllium|Gallium|Caesium|Mercury|
Entertainment%3A%20Video%20Games|medium|The%20rights%20to%20the%20%22Rayman%22%20series%20are%20owned%20by%20which%20company%3F|Ubisoft|Nintendo|EA|Sony|
Entertainment%3A%20Music|medium|Ashley%20Frangipane%20performs%20under%20the%20stage%20name%20Halsey.|True|False|
Entertainment%3A%20Music|medium|Which%20of%20these%20is%20NOT%20the%20name%20of%20an%20album%20released%20by%20American%20rapper%20Viper%3F|The%20Life%20of%20Pablo|Kill%20Urself%20My%20Man|You%27ll%20Cowards%20Don%27t%20Even%20Smoke%20Crack|Yo%20Wife%20Handcuffin%27%20Me|
Entertainment%3A%20Music|hard|Which%20of%20these%20artists%20did%20NOT%20remix%20the%20song%20%22Faded%22%20by%20Alan%20Walker%3F|Skrillex|Ti%C3%ABsto|Slushii|Dash%20Berlin|
Entertainment%3A%20Japanese%20Anime%20%26%20Manga|medium|In%20%22Shakugan%20no%20Shana%22%20what%20was%20the%20Shana%20usually%20referred%20as%3F|Flame-Haired%20Burning-Eyed%20Hunter|Flame%20Haze|Flame-Haired%20Burning-Eyed%20Haze|Shana|
Entertainment%3A%20Film|medium|Which%20movie%20sequel%20had%20improved%20box%20office%20results%20compared%20to%20its%20original%20film%3F|Toy%20Story%202|Sin%20City%3A%20A%20Dame%20to%20Kill%20For|Speed%202%3A%20Cruise%20Control|Son%20of%20the%20Mask|
Geography|medium|Which%20German%20city%20is%20located%20on%20the%20River%20Isar%3F|Munich|Berlin|Hamburg|Dortmund|
Entertainment%3A%20Video%20Games|easy|Which%20Mario%20spin-off%20game%20did%20Waluigi%20make%20his%20debut%3F|Mario%20Tennis|Mario%20Party%203|Mario%20Kart%3A%20Double%20Dash%21%21|Mario%20Golf%3A%20Toadstool%20Tour|
Entertainment%3A%20Video%20Games|hard|In%20World%20of%20Warcraft%20lore%2C%20who%20organized%20the%20creation%20of%20the%20Paladins%3F|Alonsus%20Faol|Uther%20the%20Lightbringer|Alexandros%20Mograine|Sargeras%2C%20The%20Daemon%20Lord|
Entertainment%3A%20Video%20Games|medium|In%20the%20game%20%22Cave%20Story%2C%22%20what%20is%20the%20character%20Balrog%27s%20catchphrase%3F|Huzzah%21|Yes%21|Whoa%20there%21|Nyeh%20heh%20heh%21|
Entertainment%3A%20Video%20Games|medium|In%20what%20year%20were%20achivements%20added%20to%20Steam%3F|2007|2008|2009|2006|
Animals|medium|The%20now%20extinct%20species%20%22Thylacine%22%20was%20native%20to%20where%3F|Tasmania%2C%20Australia|Baluchistan%2C%20Pakistan|Wallachia%2C%20Romania|Oregon%2C%20United%20States|
Science%20%26%20Nature|medium|Myopia%20is%20the%20scientific%20term%20for%20which%20condition%3F|Shortsightedness|Farsightedness|Double%20Vision|Clouded%20Vision|
Science%3A%20Computers|medium|In%20CSS%2C%20which%20of%20these%20values%20CANNOT%20be%20used%20with%20the%20%22position%22%20property%3F|center|static|absolute|relative|
Entertainment%3A%20Music|hard|In%20Kendrick%20Lamar%27s%202012%20album%2C%20%22Good%20Kid%2C%20M.A.A.D%20City%22%2C%20the%20album%27s%20story%20takes%20place%20in%20which%20city%3F|Compton|Detroit|New%20York|Baltimore|
Entertainment%3A%20Television|hard|Which%20country%20does%20the%20YouTuber%20%22SinowBeats%22%20originate%20from%3F|Scotland|England|Sweden|Germany|
Entertainment%3A%20Japanese%20Anime%20%26%20Manga|medium|Which%20animation%20studio%20animated%20the%202016%20anime%20%22Mob%20Psycho%20100%22%3F|Bones|A-1%20Pictures|Shaft|Madhouse|
Celebrities|medium|Before%20voicing%20Pearl%20in%20Steven%20Universe%2C%20Deedee%20Magno%20Hall%20was%20part%20of%20which%20American%20band%3F|The%20Party|The%20Weather%20Girls|The%20Pussycat%20Dolls|The%20Cheetah%20Girls|
Entertainment%3A%20Books|hard|Where%20does%20the%20book%20%22The%20Silence%20of%20the%20Lambs%22%20get%20its%20title%20from%3F|The%20main%20character%27s%20trauma%20in%20childhood|The%20relation%20it%20has%20with%20killing%20the%20innocents|The%20villain%27s%20favourite%20meal|The%20voice%20of%20innocent%20people%20being%20shut%20by%20the%20powerful|
Geography|easy|How%20many%20stars%20are%20featured%20on%20New%20Zealand%27s%20flag%3F|4|5|2|0|
History|medium|In%20what%20dialogue%20did%20Socrates%20defend%20himself%20to%20the%20court%20of%20Athens%3F%20|The%20Apology|The%20Euthyphro|The%20Laws|The%20Republic|
Vehicles|easy|Which%20car%20tire%20manufacturer%20is%20famous%20for%20its%20%22P%20Zero%22%20line%3F|Pirelli|Goodyear|Bridgestone|Michelin|
Entertainment%3A%20Video%20Games|medium|In%20what%20year%20were%20screenshots%20added%20to%20Steam%3F|2011|2010|2008|2009|
General%20Knowledge|easy|What%20do%20the%20letters%20of%20the%20fast%20food%20chain%20KFC%20stand%20for%3F|Kentucky%20Fried%20Chicken|Kentucky%20Fresh%20Cheese|Kibbled%20Freaky%20Cow|Kiwi%20Food%20Cut|
Entertainment%3A%20Video%20Games|hard|How%20many%20voice%20channels%20does%20the%20Super%20Nintendo%20Entertainment%20System%20support%3F|8|6|10|12|
Entertainment%3A%20Video%20Games|easy|%22Minecraft%22%20was%20released%20from%20beta%20in%202011%20during%20a%20convention%20held%20in%20which%20city%3F|Las%20Vegas|Paris|Bellevue|London|
History|easy|Who%20was%20among%20those%20killed%20in%20the%202010%20Smolensk%2C%20Russia%20plane%20crash%20tragedy%3F|The%20Polish%20President|Pope%20John%20Paul%20II|Bang-Ding%20Ow|Albert%20Putin|
Entertainment%3A%20Television|medium|In%20%22Star%20Trek%22%2C%20Klingons%20respect%20William%20Shakespeare%2C%20they%20even%20suspect%20him%20having%20a%20Klingon%20lineage.|True|False|
Entertainment%3A%20Film|medium|Who%20is%20the%20director%20of%20the%201991%20film%20%22Silence%20of%20the%20Lambs%22%3F|Jonathan%20Demme|Stanley%20Kubrick|Frank%20Darabont|Michael%20Bay|
Sports|medium|Who%20won%20the%20%22Champions%20League%22%20in%201999%3F|Manchester%20United|Barcelona|Bayern%20Munich|Liverpool|
Entertainment%3A%20Video%20Games|hard|In%20%22Call%20Of%20Duty%3A%20Zombies%22%2C%20which%20map%27s%20opening%20cutscene%20shows%20%22Richtofen%22%20killing%20another%20version%20of%20himself%3F|The%20Giant|Shadows%20Of%20Evil|Der%20Eisendrache|Moon|
Entertainment%3A%20Video%20Games|easy|Activision%20created%20Battlefield%201.|False|True|
Science%20%26%20Nature|medium|Which%20planet%20did%20the%20%22Viking%201%22%20spacecraft%20send%20surface%20images%20of%2C%20starting%20in%201976%3F|Mars|Saturn|Jupiter|Venus|
Entertainment%3A%20Japanese%20Anime%20%26%20Manga|medium|Which%20Japanese%20music%20group%20was%20formed%20to%20produce%20theme%20music%20for%20the%20anime%20%22Guilty%20Crown%22%3F|Egoist|Goose%20house|Babymetal|Garnidelia|
Geography|hard|Into%20which%20basin%20does%20the%20Jordan%20River%20flow%20into%3F|Dead%20Sea|Aral%20Sea|Caspian%20Sea|Salton%20Sea|
Geography|medium|Frankenmuth%2C%20a%20US%20city%20nicknamed%20%22Little%20Bavaria%22%2C%20is%20located%20in%20what%20state%3F|Michigan|Pennsylvania|Kentucky|Virginia|
Science%20%26%20Nature|hard|Autosomal-dominant%20Compelling%20Helio-Ophthalmic%20Outburst%20syndrome%20is%20the%20need%20to%20do%20what%20when%20seeing%20the%20Sun%3F|Sneeze|Cough|Yawn|Hiccup|
Sports|medium|Who%20is%20Manchester%20United%27s%20top%20premier%20league%20goal%20scorer%3F|Wayne%20Rooney|Sir%20Bobby%20Charlton|Ryan%20Giggs|David%20Beckham|
Sports|hard|Who%20is%20Manchester%20United%27s%20leading%20appearance%20maker%3F|Ryan%20Giggs|David%20Beckham|Wayne%20Rooney|Eric%20Cantona|
Animals|hard|What%20bird%20is%20born%20with%20claws%20on%20its%20wing%20digits%3F|Hoatzin|Cormorant|Cassowary|Secretary%20bird|
Sports|medium|What%20is%20Tiger%20Woods%27%20all-time%20best%20career%20golf-score%3F|61|65|63|67|
Entertainment%3A%20Music|medium|Which%20one%20of%20these%20people%20has%20been%20in%20the%20band%20%27%27Metallica%27%27%20in%20the%20past%3F|Dave%20Mustaine|Kurt%20Cobain|Joey%20Belladonna|Dave%20Lombardo|
Geography|medium|Which%20country%20claims%20ownership%20of%20the%20disputed%20state%20Kosovo%3F|Serbia|Croatia|Albania|Macedonia|
General%20Knowledge|medium|What%20are%20the%20three%20starter%20Pokemon%20available%20in%20Pokemon%20Black%20and%20White%3F|Snivy%2C%20Tepig%2C%20Oshawott|Snivy%2C%20Fennekin%2C%20Froakie|Chespin%2C%20Tepig%2C%20Froakie|Chespin%2C%20Fennekin%2C%20Oshawott|
Entertainment%3A%20Video%20Games|hard|When%20was%20the%20first%20Call%20of%20Duty%20title%20released%3F|October%2029%2C%202003|December%201%2C%202003|November%2014%2C%202002|July%2018%2C%202004|
Animals|medium|A%20carnivorous%20animal%20eats%20flesh%2C%20what%20does%20a%20nucivorous%20animal%20eat%3F|Nuts|Nothing|Fruit|Seaweed|
Entertainment%3A%20Video%20Games|medium|Which%20character%20is%20from%20%22Splatoon%22%3F|Marie|Cyrus|Palutena|Shulk|
Entertainment%3A%20Video%20Games|easy|The%20main%20character%20in%20the%20%22Half-Life%22%20franchise%20is%20named%20Morgan%20Freeman.|False|True|
Geography|medium|Which%20of%20these%20is%20NOT%20a%20city%20in%20Saudi%20Arabia%3F|Dubai|Riyadh|Mecca|Medina|
Entertainment%3A%20Video%20Games|easy|Half-Life%20by%20Valve%20uses%20the%20GoldSrc%20game%20engine%2C%20which%20is%20a%20highly%20modified%20version%20of%20what%20engine%3F|Quake%20Engine|Doom%20Engine|id%20Engine|Source%20Engine|
Entertainment%3A%20Books|easy|Who%20wrote%20the%20novel%20%27Fear%20And%20Loathing%20In%20Las%20Vegas%27%3F|Hunter%20S.%20Thompson|F.%20Scott%20Fitzgerald|Henry%20Miller|William%20S.%20Burroughs|
Science%20%26%20Nature|hard|What%20is%20the%20molecular%20formula%20of%20Glucose%3F|C6H12O6|C2H4O2|K%2B|CH4|
Science%3A%20Computers|easy|Pointers%20were%20not%20used%20in%20the%20original%20C%20programming%20language%3B%20they%20were%20added%20later%20on%20in%20C%2B%2B.|False|True|
Science%3A%20Mathematics|medium|What%20is%20the%20first%20Mersenne%20prime%20exponent%20over%201000%3F|1279|2203|1009|1069|
Entertainment%3A%20Video%20Games|medium|In%20Portal%202%2C%20the%20iconic%20character%20GLaDOS%20is%20turned%20into%3A|A%20potato|A%20tomato|A%20lemon|An%20apple|
Entertainment%3A%20Japanese%20Anime%20%26%20Manga|easy|Who%20was%20given%20the%20title%20%22Full%20Metal%22%20in%20the%20anime%20series%20%22Full%20Metal%20Alchemist%22%3F|Edward%20Elric|Alphonse%20Elric|Van%20Hohenheim|Izumi%20Curtis|
History|medium|What%20is%20the%20name%20of%20the%20US%20Navy%20spy%20ship%20which%20was%20attacked%20and%20captured%20by%20North%20Korean%20forces%20in%201968%3F|USS%20Pueblo|USS%20North%20Carolina|USS%20Constitution|USS%20Indianapolis|
General%20Knowledge|medium|What%20is%20the%20name%20given%20to%20Indian%20food%20cooked%20over%20charcoal%20in%20a%20clay%20oven%3F|Tandoori|Biryani|Pani%20puri|Tiki%20masala|
General%20Knowledge|hard|What%20is%20the%20romanized%20Chinese%20word%20for%20%22airplane%22%3F|Feiji|Qiche|Zongxian|Huojian|
Entertainment%3A%20Video%20Games|easy|When%20was%20Minecraft%20first%20released%20to%20the%20public%3F|May%2017th%2C%202009|September%2017th%2C%202009|November%2018th%2C%202011|October%207th%2C%202011|
Geography|hard|Which%20is%20the%20largest%20freshwater%20lake%20in%20the%20world%3F|Lake%20Superior%20|Caspian%20Sea|Lake%20Michigan|Lake%20Huron|
Geography|easy|What%20is%20the%20Capital%20of%20the%20United%20States%3F|Washington%2C%20D.C.|Los%20Angelas%2C%20CA|New%20York%20City%2C%20NY|Houston%2C%20TX|
Entertainment%3A%20Japanese%20Anime%20%26%20Manga|easy|In%20the%20%22Melancholy%20of%20Haruhi%20Suzumiya%22%20series%2C%20the%20narrator%20goes%20by%20the%20nickname%20Kyon.|True|False|
Entertainment%3A%20Video%20Games|medium|What%20was%20the%20first%20PlayStation%20game%20to%20require%20the%20use%20of%20the%20DualShock%20controller%3F|Ape%20Escape|Metal%20Gear|Tekken%20|Tomba%202%21|
Entertainment%3A%20Television|medium|In%20the%20TV%20series%20Red%20Dwarf%2C%20Kryten%27s%20full%20name%20is%20Kryten%202X4B-523P.|True|False|
History|medium|Against%20which%20country%20did%20the%20Dutch%20Republic%20fight%20the%20Eighty%20Years%27%20War%3F|Spain|France|England|Portugal|
Entertainment%3A%20Video%20Games|medium|Which%20company%20did%20Bethesda%20purchase%20the%20Fallout%20Series%20from%3F|Interplay%20Entertainment%20|Capcom|Blizzard%20Entertainment|Nintendo|
Entertainment%3A%20Japanese%20Anime%20%26%20Manga|medium|Which%20animation%20studio%20animated%20the%202016%20anime%20%22Mob%20Psycho%20100%22%3F|Bones|A-1%20Pictures|Shaft|Madhouse|
Entertainment%3A%20Video%20Games|easy|In%20what%20year%20was%20the%20first%20%22Mass%20Effect%22%20game%20released%3F|2007|2008|2009|2010|
Vehicles|easy|Which%20car%20tire%20manufacturer%20is%20famous%20for%20its%20%22P%20Zero%22%20line%3F|Pirelli|Goodyear|Bridgestone|Michelin|
Entertainment%3A%20Music|medium|Who%20is%20the%20lead%20singer%20of%20Bastille%3F|Dan%20Smith|Will%20Farquarson|Kyle%20Simmons|Chris%20Wood|
Entertainment%3A%20Television|easy|In%20Star%20Trek%3A%20The%20Next%20Generation%2C%20what%20is%20the%20name%20of%20Data%27s%20cat%3F|Spot|Mittens|Tom|Kitty|
Entertainment%3A%20Television|easy|Who%20won%20Big%20Brother%202014%20UK%3F|Helen%20Wood|Christopher%20Hall|Pauline%20Bennett|Pavandeep%20%22Pav%22%20Paul|
Science%3A%20Computers|hard|What%20internet%20protocol%20was%20documented%20in%20RFC%201459%3F|IRC|HTTP|HTTPS|FTP|
Geography|easy|Tokyo%20is%20the%20capital%20of%20Japan.|True|False|
Entertainment%3A%20Cartoon%20%26%20Animations|easy|In%20the%20show%20%22Foster%27s%20Home%20For%20Imaginary%20Friends%22%2C%20which%20character%20had%20an%20obsession%20with%20basketball%3F|Wilt|Coco|Mac|Cheese|
Entertainment%3A%20Television|easy|In%20%22Doctor%20Who%22%2C%20the%20Doctor%20gets%20his%20TARDIS%20by%20stealing%20it.|True|False|
Entertainment%3A%20Video%20Games|hard|In%20%22Starbound%22%2C%20according%20to%20the%20asset%20files%2C%20the%20description%20of%20the%20%22Erchius%20Ghost%22%20is%20the%20same%20as%20which%20other%20assets%3F|Spookit|Petricub|Trictus|Pyromantle|
Entertainment%3A%20Film|hard|In%20the%20%22Jurassic%20Park%22%20universe%2C%20what%20was%20the%20first%20dinosaur%20cloned%20by%20InGen%20in%201986%3F|Velociraptor|Triceratops|Troodon|Brachiosaurus|
Entertainment%3A%20Film|hard|What%20three%20movies%2C%20in%20order%20from%20release%20date%2C%20make%20up%20the%20%22Dollars%20Trilogy%22%3F|%22A%20Fistful%20of%20Dollars%22%2C%20%22For%20a%20Few%20Dollars%20More%22%2C%20%22The%20Good%2C%20the%20Bad%2C%20and%20the%20Ugly%22|%22The%20Good%2C%20the%20Bad%2C%20and%20the%20Ugly%22%2C%20%22For%20A%20Few%20Dollars%20More%22%2C%20%22A%20Fistful%20of%20Dollars%22|%22For%20a%20Few%20Dollars%20More%22%2C%20%22The%20Good%2C%20the%20Bad%2C%20and%20the%20Ugly%22%2C%20%22A%20Fistful%20of%20Dollars%22|%22For%20a%20Few%20Dollars%20More%22%2C%20%22A%20Fistful%20of%20Dollars%22%2C%20%22The%20Good%2C%20the%20Bad%2C%20and%20the%20Ugly%22|
General%20Knowledge|easy|Which%20of%20the%20following%20presidents%20is%20not%20on%20Mount%20Rushmore%3F|John%20F.%20Kennedy|Theodore%20Roosevelt|Abraham%20Lincoln|Thomas%20Jefferson|
Entertainment%3A%20Film|easy|%22Foodfight%21%22%20earned%20less%20than%20%2480%2C000%20at%20box%20office.|True|False|
General%20Knowledge|easy|Which%20of%20the%20following%20is%20the%20IATA%20code%20for%20Manchester%20Airport%3F|MAN|EGLL|LHR|EGCC|
Entertainment%3A%20Music|medium|Which%20alternative%20rock%20band%20released%20the%20critically-acclaimed%20album%20%22OK%20Computer%22%3F|Radiohead|R.E.M.|Nirvana|Coldplay|
Geography|medium|In%20which%20English%20county%20is%20the%20city%20of%20Portsmouth%3F|Hampshire|Oxfordshire|Buckinghamshire|Surrey|
Sports|easy|What%20is%20the%20most%20common%20type%20of%20pitch%20thrown%20by%20pitchers%20in%20baseball%3F|Fastball|Slowball|Screwball|Palmball|
Science%20%26%20Nature|hard|What%20physics%20principle%20relates%20the%20net%20electric%20flux%20out%20of%20a%20closed%20surface%20to%20the%20charge%20enclosed%20by%20that%20surface%3F|Gauss%27s%20Law|Faraday%27s%20Law|Ampere%27s%20Law|Biot-Savart%20Law|
Sports|medium|How%20many%20French%20Open%27s%20did%20Bj%C3%B6rn%20Borg%20win%3F|6|4|9|2|
Entertainment%3A%20Video%20Games|hard|%22Strangereal%22%20is%20a%20fictitious%20Earth-like%20world%20for%20which%20game%20series%3F|Ace%20Combat|Jet%20Set%20Radio|Deus%20Ex|Crimson%20Skies|
Entertainment%3A%20Music|hard|Where%20was%20Nicki%20Minaj%20born%3F|Trinidad%20and%20Tobago|Haiti|Saint%20Lucia|Grenada|
History|easy|In%20what%20year%20was%20the%20M1911%20pistol%20designed%3F|1911|1907|1899|1917|
Entertainment%3A%20Film|medium|Which%20of%20the%20following%20films%20was%20NOT%20directed%20by%20Quentin%20Tarantino%3F|From%20Dusk%20till%20Dawn|Jackie%20Brown|Pulp%20Fiction|Reservoir%20Dogs|
History|medium|What%20was%20the%20name%20of%20the%20chemical%20that%20was%20dropped%20on%20Vietnam%20during%20the%20Vietnam%20war%3F|Agent%20Orange|Phosgene|Mustard%20Gas|Hydrogen%20Cyanide|
Geography|hard|What%20is%20the%20largest%20freshwater%20lake%20by%20volume%3F|Lake%20Baikal|Lake%20Superior|Lake%20Huron|Lake%20Michigan|
Entertainment%3A%20Film|easy|Which%20of%20the%20following%20is%20not%20the%20name%20of%20a%20%22Bond%20Girl%22%3F%20|Vanessa%20Kensington|Pam%20Bouvier|Mary%20Goodnight|Wai%20Lin|
Science%20%26%20Nature|hard|What%20is%20considered%20the%20rarist%20form%20of%20color%20blindness%3F|Blue|Red|Green|Purple|
Science%20%26%20Nature|medium|What%20is%20the%20colour%20of%20unoxidized%20blood%3F|Red|Blue|Purple|Green|
Entertainment%3A%20Cartoon%20%26%20Animations|easy|Which%20%27Family%20Guy%27%20character%20got%20his%20own%20spin-off%20show%20in%202009%3F|Cleveland%20Brown|Glenn%20Quagmire|Joe%20Swanson|The%20Greased-up%20Deaf%20Guy|
History|hard|Japan%20was%20part%20of%20the%20Allied%20Powers%20during%20World%20War%20I.|True|False|
Science%20%26%20Nature|medium|The%20moons%2C%20Miranda%2C%20Ariel%2C%20Umbriel%2C%20Titania%20and%20Oberon%20orbit%20which%20planet%3F|Uranus|Jupiter|Venus|Neptune|
Geography|hard|Which%20of%20these%20island%20countries%20is%20located%20in%20the%20Caribbean%3F|Barbados|Fiji|Maldives|Seychelles|
Entertainment%3A%20Books|hard|In%20the%20Harry%20Potter%20universe%2C%20what%20is%20Cornelius%20Fudge%27s%20middle%20name%3F|Oswald|James|Harold|Christopher|
Entertainment%3A%20Television|hard|The%20theme%20for%20the%20popular%20science%20fiction%20series%20%22Doctor%20Who%22%20was%20composed%20by%20who%3F|Ron%20Grainer|Murray%20Gold|Delia%20Derbyshire|Peter%20Howell|
General%20Knowledge|easy|On%20a%20dartboard%2C%20what%20number%20is%20directly%20opposite%20No.%201%3F|19|20|12|15|
General%20Knowledge|easy|What%20geometric%20shape%20is%20generally%20used%20for%20stop%20signs%3F|Octagon|Hexagon|Circle|Triangle|
Science%3A%20Gadgets|medium|What%20are%20the%20base%20station%20trackers%20used%20for%20the%20HTC%20Vive%20called%3F|Lighthouse|Motion|Constellation%20|Trackers|
Entertainment%3A%20Video%20Games|hard|In%20the%20Animal%20Crossing%20series%2C%20which%20flower%20is%20erroneously%20called%20the%20%22Jacob%27s%20Ladder%22%3F|Lily%20of%20the%20Valley|Hydrangea|Harebell|Yarrow|
Entertainment%3A%20Music|medium|Who%20is%20the%20lead%20singer%20of%20Silverchair%3F|Daniel%20Johns|Ben%20Gillies|Chris%20Joannou|George%20Costanza|
Entertainment%3A%20Board%20Games|medium|The%20board%20game%2C%20Nightmare%20was%20released%20in%20what%20year%3F|1991|1992|1989|1995|
Entertainment%3A%20Video%20Games|hard|Which%20of%20these%20online%20games%20was%20originally%20named%20LindenWorld%20in%20it%27s%20early%20development%3F|SecondLife|ActiveWorlds|IMVU|HabboHotel|
Science%3A%20Computers|medium|MacOS%20is%20based%20on%20Linux.|False|True|
Science%20%26%20Nature|hard|%22The%20Big%20Bang%20Theory%22%20was%20first%20theorized%20by%20a%20priest%20of%20what%20religious%20ideology%3F|Catholic|Christian|Jewish|Islamic|
Entertainment%3A%20Music|medium|What%20is%20the%20name%20of%20French%20electronic%20music%20producer%20Madeon%27s%202015%20debut%20studio%20album%3F|Adventure|The%20City|Icarus|Pop%20Culture|
Mythology|easy|Which%20Greek%20%26%20Roman%20god%20was%20known%20as%20the%20god%20of%20music%2C%20truth%20and%20prophecy%2C%20healing%2C%20the%20sun%20and%20light%2C%20plague%2C%20poetry%2C%20and%20more%3F|Apollo|Aphrodite|Artemis|Athena|
Science%20%26%20Nature|easy|The%20element%20involved%20in%20making%20human%20blood%20red%20is%20which%20of%20the%20following%3F|Iron|Copper|Iridium|Cobalt|
Entertainment%3A%20Television|easy|In%20Game%20of%20Thrones%2C%20what%20continent%20lies%20across%20the%20Narrow%20Sea%20from%20Westeros%3F|Essos|Easteros|Westereast|Esuntos|
Science%3A%20Computers|medium|In%20programming%2C%20the%20ternary%20operator%20is%20mostly%20defined%20with%20what%20symbol%28s%29%3F|%3F%3A|%3F%3F|if%20then|%3F|
Entertainment%3A%20Film|easy|In%20the%20original%20Star%20Wars%20trilogy%2C%20David%20Prowse%20was%20the%20actor%20who%20physically%20portrayed%20Darth%20Vader.|True|False|
Science%3A%20Computers|easy|Time%20on%20Computers%20is%20measured%20via%20the%20EPOX%20System.|False|True|
Mythology|hard|Who%20is%20the%20Egyptian%20god%20of%20reproduction%20and%20lettuce%3F|Min|Menu|Mut|Meret|
Entertainment%3A%20Television|medium|What%20is%20the%20surname%20of%20the%20character%20Daryl%20in%20AMC%27s%20show%20The%20Walking%20Dead%3F|Dixon|Grimes|Dickinson|Dicketson|
Vehicles|hard|In%202014%2C%20over%206%20million%20General%20Motors%20vehicles%20were%20recalled%20due%20to%20what%20critical%20flaw%3F|Faulty%20ignition%20switch|Malfunctioning%20gas%20pedal|Breaking%20fuel%20lines|Faulty%20brake%20pads|
Science%20%26%20Nature|hard|What%20does%20the%20term%20%22isolation%22%20refer%20to%20in%20microbiology%3F|The%20separation%20of%20a%20strain%20from%20a%20natural%2C%20mixed%20population%20of%20living%20microbes|A%20lack%20of%20nutrition%20in%20microenviroments|The%20nitrogen%20level%20in%20soil|Testing%20effects%20of%20certain%20microorganisms%20in%20an%20isolated%20enviroments%2C%20such%20as%20caves|
Science%3A%20Mathematics|hard|What%20is%20the%20plane%20curve%20proposed%20by%20Descartes%20to%20challenge%20Fermat%27s%20extremum-finding%20techniques%20called%3F|Folium%20of%20Descartes|Elliptic%20Paraboloid%20of%20Descartes|Cartesian%20Coordinates|Descarte%27s%20Helicoid|
Vehicles|hard|What%20kind%20of%20train%20was%20Stepney%2C%20a%20train%20on%20the%20Bluebell%20Railway%20notable%20for%20his%20appearance%20in%20%22The%20Railway%20Series%22%3F|LB%26SCR%20A1X|LB%26SCR%20E2|LB%26SCR%20J1|LB%26SCR%20D1|
Entertainment%3A%20Music|medium|Which%20band%20released%20the%20album%20%22Sonic%20Highways%22%20in%202014%3F|Foo%20Fighters|Coldplay|Nickelback|The%20Flaming%20Lips|
Entertainment%3A%20Video%20Games|hard|In%20%22Call%20Of%20Duty%3A%20Zombies%22%2C%20which%20map%27s%20opening%20cutscene%20shows%20%22Richtofen%22%20killing%20another%20version%20of%20himself%3F|The%20Giant|Shadows%20Of%20Evil|Der%20Eisendrache|Moon|
Entertainment%3A%20Cartoon%20%26%20Animations|medium|In%20%22My%20Little%20Pony%3A%20Friendship%20is%20Magic%22%2C%20which%20of%20these%20ponies%20represents%20the%20quality%20of%20honesty%3F|Applejack|Twilight%20Sparkle|Pinkie%20Pie|Rarity|
Entertainment%3A%20Musicals%20%26%20Theatres|hard|Who%20played%20%22Charlie%20Price%22%20in%20the%20musical%20%22Kinky%20Boots%22%20on%20Broadway%20in%20New%20York%20from%20May%2026th%20-%20Aug%206th%202017%3F|Brendon%20Urie|Ed%20Sheeren|Tom%20Cruise|Dallon%20Weekes|
Entertainment%3A%20Video%20Games|medium|In%20Telltale%20Games%27%20%22The%20Walking%20Dead%3A%20Season%20One%22%20what%20is%20the%20name%20of%20Clementine%27s%20father%3F|Ed|Charles|Lee|Walter|
Entertainment%3A%20Video%20Games|medium|How%20many%20controllers%20could%20a%20Nintendo%20GameCube%20have%20plugged%20in%20at%20one%20time%3F|4|8|6|2|
Entertainment%3A%20Film|hard|What%20is%20the%20species%20of%20the%20%22Predator%22%20in%20the%201987%20movie%20%22Predator%22%3F|Yautja|Xenomorph|Praetorian|Phocrex|
Entertainment%3A%20Video%20Games|medium|In%20the%20%22Portal%22%20series%2C%20who%20was%20Cave%20Johnson%27s%20personal%20assistant%3F|Caroline|Heather|Melissa|Jane|
Entertainment%3A%20Comics|medium|The%20stuffed%20tiger%20in%20Calvin%20and%20Hobbes%20is%20named%20after%20what%20philosopher%3F|Thomas%20Hobbes|David%20Hobbes|John%20Hobbes|Nathaniel%20Hobbes|
Entertainment%3A%20Video%20Games|easy|What%20is%20the%20name%20of%20the%20City%20in%20Saints%20Row%20The%20Third%3F|Steelport|Stilwater|Carcer|Liberty|
Geography|medium|How%20many%20countries%20share%20a%20land%20border%20with%20Luxembourg%3F|3|4|2|5|
Entertainment%3A%20Television|hard|What%20was%20the%20UK%20%22Who%20Wants%20to%20be%20a%20Millionaire%3F%22%20cheating%20scandal%20known%20as%3F|Major%20Fraud|Ingram%20Cheater|Coughing%20Major|Millionaire%20Crime|
Entertainment%3A%20Video%20Games|hard|In%20Left%204%20Dead%2C%20what%20is%20the%20character%20Bill%27s%20last%20name%3F|Overbeck|Fish|Roberts|Stevenson|
Entertainment%3A%20Video%20Games|medium|What%20CoD%20%22Deathstreak%22%20is%20only%20featured%20in%20Call%20of%20Duty%20%3A%20Modern%20Warfare%202%3F|Copycat|%20Martrydom|Final%20Stand|Revenge|
History|medium|When%20did%20O%2C%20Canada%20officially%20become%20the%20national%20anthem%3F|1980|1950|1920|1880|
Entertainment%3A%20Television|easy|Which%20of%20the%20following%20awards%20do%20Matt%20Stone%20and%20Trey%20Parker%20NOT%20have%3F|Oscar|Emmy|Tony|Grammy|
Sports|medium|Which%20basketball%20team%20has%20attended%20the%20most%20NBA%20grand%20finals%3F|Los%20Angeles%20Lakers|Boston%20Celtics|Philadelphia%2076ers|Golden%20State%20Warriors|
Entertainment%3A%20Video%20Games|medium|Psych-Horror%20%22Eternal%20Darkness%3A%20Sanity%27s%20Requiem%22%2C%20developed%20by%20Silicon%20Knights%20in%202002%2C%20was%20published%20by%20who%20and%20on%20what%20platform%3F|Nintendo%C2%AE%20Co.%20Ltd.%20%7C%20GameCube%E2%84%A2|Sony%C2%AE%20Computer%20Entertainment%E2%84%A2%20Inc.%20%7C%20PlayStation%C2%AE%202|Microsoft%C2%AE%20Game%20Studios%E2%84%A2%20%7C%20XBox%E2%84%A2|Sega%C2%AE%20Enterprises%20Co.%20Ltd.%20%7C%20Dreamcast%E2%84%A2|
Entertainment%3A%20Music|medium|The%20Proclaimers%20-%20I%27m%20Gonna%20Be%20%28500%20Miles%29%20reached%20what%20position%20on%20the%20US%20Hot%20100%20Charts%20in%201993%3F|3rd|8th|1st|5th|
Entertainment%3A%20Cartoon%20%26%20Animations|easy|Who%20was%20the%20villain%20of%20%27%27The%20Lion%20King%27%27%3F|Scar|Fred|Jafar|Vada|
Entertainment%3A%20Music|easy|What%20is%20not%20a%20wind%20instrument%3F|Viola|Oboe|Trombone|Duduk|
Entertainment%3A%20Video%20Games|medium|What%27s%20the%20famous%20line%20Vaas%20says%20in%20%22Far%20Cry%203%22%3F|Did%20I%20ever%20tell%20you%20the%20definition%20of%20Insanity%3F|Have%20I%20failed%20to%20entertain%20you%3F|You%27re%20my%20b%2Atch%21|Maybe%20your%20best%20course...would%20be%20to%20tread%20lightly.|
Science%20%26%20Nature|medium|The%20planet%20Mars%20has%20two%20moons%20orbiting%20it.|True|False|
Celebrities|medium|What%20is%20Doug%20Walker%27s%20YouTube%20name%3F|The%20Nostalgia%20Critic|The%20Angry%20Video%20Game%20Nerd|AngryJoeShow|The%20Cinema%20Snob|
Entertainment%3A%20Board%20Games|easy|On%20a%20standard%20Monopoly%20board%2C%20which%20square%20is%20diagonally%20opposite%20%27Go%27%3F%20|Free%20Parking|Go%20to%20Jail|Jail|The%20Electric%20Company|
Animals|medium|Cashmere%20is%20the%20wool%20from%20which%20kind%20of%20animal%3F|Goat|Sheep|Camel|Llama|
General%20Knowledge|hard|The%20words%20%22bungalow%22%20and%20%22shampoo%22%20originate%20from%20the%20languages%20of%20which%20country%3F|India|Papua%20New%20Guinea|Ethiopia|China|
Geography|medium|The%20land%20of%20Gotland%20is%20located%20in%20which%20European%20country%3F|Sweden|Denmark|Norway|Germany|
General%20Knowledge|easy|Red%20Vines%20is%20a%20brand%20of%20what%20type%20of%20candy%3F|Licorice|Lollipop|Chocolate|Bubblegum|
Entertainment%3A%20Film|easy|In%20Alfred%20Hitchcock%27s%20film%20%27Psycho%27%20it%20is%20said%20he%20used%20chocolate%20syrup%20to%20simulate%20the%20blood%20in%20the%20famous%20shower%20scene%20from%20|True|False|
Celebrities|hard|What%20was%20the%20religion%20of%20famous%20singer%20%22Freddie%20Mercury%22%3F|Zoroastrianism|Paganism|Ashurism|Judaism|
History|medium|What%20year%20did%20the%20Boxing%20Day%20earthquake%20%26%20tsunami%20occur%20in%20the%20Indian%20Ocean%3F|2004|2006|2008|2002|
Entertainment%3A%20Japanese%20Anime%20%26%20Manga|easy|The%20name%20of%20Junko%20Enoshima%27s%20imposter%20at%20the%20beginning%20of%20Danganronpa%3A%20Trigger%20Happy%20Havoc%20is%3F|Mukuro%20Ikusaba|Ryota%20Mitarai|Ultimate%20Imposter|Komaru%20Naegi|
Entertainment%3A%20Video%20Games|medium|Which%20company%20did%20Bethesda%20purchase%20the%20Fallout%20Series%20from%3F|Interplay%20Entertainment%20|Capcom|Blizzard%20Entertainment|Nintendo|
Entertainment%3A%20Japanese%20Anime%20%26%20Manga|easy|In%20the%20anime%20Seven%20Deadly%20Sins%20what%20is%20the%20name%20of%20one%20of%20the%20sins%3F|Diane|Sakura|Ayano|Sheska|
Entertainment%3A%20Japanese%20Anime%20%26%20Manga|hard|Throughout%20the%20entirety%20of%20%22Dragon%20Ball%20Z%22%2C%20Goku%20only%20kills%20two%20characters%3A%20a%20miniboss%20named%20Yakon%20and%20Kid%20Buu.|True|False|
Entertainment%3A%20Video%20Games|hard|In%20Xenoblade%20Chronicles%20X%2C%20which%20class%20has%20a%20sniper%20rifle%20as%20it%27s%20primary%20weapon%3F|Partisan%20Eagle|Blast%20Fencer|Winged%20Viper|Bastion%20Warrior|
Entertainment%3A%20Musicals%20%26%20Theatres|easy|How%20many%20plays%20is%20Shakespeare%20generally%20considered%20to%20have%20written%3F|37|18|54|25|
Entertainment%3A%20Video%20Games|medium|Which%20of%20these%20songs%20does%20NOT%20play%20during%20the%20Ruins%20segments%20of%20the%202015%20game%20%22Undertale%22%3F|Another%20Medium|Anticipation|Unnecessary%20Tension|Ruins|
Entertainment%3A%20Video%20Games|medium|Which%20of%20the%20following%20games%20in%20the%20Anno%20series%20introduced%20the%20%22Eco%20Balance%22%20gameplay%20mechanic%3F|Anno%202070|Anno%201404|Anno%202205|%20Anno%201701|
Politics|medium|During%20the%202016%20United%20States%20presidential%20election%2C%20the%20State%20of%20California%20possessed%20the%20most%20electoral%20votes%2C%20having%2055.|True|False|
Vehicles|medium|Bugatti%20was%20an%20Italian%20car%20manufacturer.|False|True|
Entertainment%3A%20Film|easy|Brandon%20Routh%20plays%20the%20titular%20character%20in%20the%20movie%20%22John%20Wick%22.|False|True|
Entertainment%3A%20Video%20Games|easy|The%20Konami%20Code%20is%20known%20as%20Up%2C%20Up%2C%20Down%2C%20Down%2C%20Left%2C%20Right%2C%20Right%2C%20Left%2C%20B%2C%20A%2C%20Start.|False|True|
Science%3A%20Gadgets|easy|When%20was%20the%20Tamagotchi%20digital%20pet%20released%3F|1996|1989|1992|1990|
Entertainment%3A%20Video%20Games|hard|How%20many%20voice%20channels%20does%20the%20Super%20Nintendo%20Entertainment%20System%20support%3F|8|6|10|12|
Science%20%26%20Nature|hard|How%20much%20radiation%20does%20a%20banana%20emit%3F|0.1%20Microsievert|0.3%20Microsievert|0.5%20Microsievert|0.7%20Microsievert|
Entertainment%3A%20Comics|easy|What%20is%20the%20alter-ego%20of%20the%20DC%20comics%20character%20%22Superman%22%3F|Clark%20Kent|Bruce%20Wayne|Arthur%20Curry|John%20Jones|
Entertainment%3A%20Video%20Games|easy|Who%20is%20the%20creator%20of%20Touhou%20project%3F|Zun|Jun|Twilight%20Frontier|Tasofro|
Politics|medium|Who%20became%20Prime%20Minister%20of%20the%20United%20Kingdom%20in%20July%202016%3F|Theresa%20May|Boris%20Johnson|David%20Cameron|Tony%20Blair|
Entertainment%3A%20Film|hard|In%20the%20%22Jurassic%20Park%22%20universe%2C%20when%20did%20%22Jurassic%20Park%3A%20San%20Diego%22%20begin%20construction%3F|1985|1988|1986|1993|
Science%3A%20Computers|medium|Which%20programming%20language%20was%20developed%20by%20Sun%20Microsystems%20in%201995%3F|Java|Python|Solaris%20OS|C%2B%2B|
Entertainment%3A%20Video%20Games|medium|How%20many%20games%20are%20there%20in%20the%20%22Colony%20Wars%22%20series%20for%20the%20PlayStation%3F|3|2|4|5|
Entertainment%3A%20Comics|easy|The%20main%20six%20year%20old%20protagonist%20in%20Calvin%20and%20Hobbes%20is%20named%20after%20what%20theologian%3F|John%20Calvin|Calvin%20Klein|Calvin%20Coolidge|Phillip%20Calvin%20McGraw|
General%20Knowledge|hard|The%20Quadrangularis%20Reversum%20is%20best%20described%20as%20which%20of%20the%20following%3F|A%20percussion%20instrument|A%20building%20in%20Oxford%20University|A%20chess%20move|A%20geometric%20theorem|
Entertainment%3A%20Video%20Games|hard|What%20is%20the%20plane%20of%20existence%20in%20MicroProse%27s%201997%20%22Magic%20the%20Gathering%22%3F|Shandalar|Theros|Ravnica|Amonkhet|
Entertainment%3A%20Video%20Games|medium|Which%20of%20the%20following%20is%20not%20a%20prosecutor%20in%20the%20%22Ace%20Attorney%22%20video%20game%20series%3F|Jake%20Marshall|Godot|Miles%20Edgeworth|Jacques%20Portsman|
Entertainment%3A%20Cartoon%20%26%20Animations|medium|What%20is%20the%20name%20of%20the%20Alligator%20that%20The%20Simpsons%20%22killed%22%20in%20the%20episode%20%22Kill%20The%20Alligator%20and%20Run%22%3F|Captain%20Jack|Captain%20Jake|Captain%20Hector|Captain%20Flynn|
Science%3A%20Computers|medium|How%20many%20bytes%20are%20in%20a%20single%20Kibibyte%3F|1024|2400|1000|1240|
Entertainment%3A%20Video%20Games|easy|Which%20of%20the%20following%20weapons%20in%20%22Counter-Strike%3A%20Global%20Offensive%22%20does%20not%20have%20a%20right-click%20function%3F|XM1014|SG553|R8%20Revolver|USP-S|
Geography|hard|Only%20one%20country%20in%20the%20world%20starts%20with%20the%20letter%20Q.|True|False|
History|hard|The%20Bohemian%20Revolt%20%281618-1620%29%20started%20after%20Protestants%20in%20Prague%20did%20what%20to%20their%20Catholic%20Lords%20Regents%3F|Threw%20them%20out%20of%20a%20window|Insulted%20their%20mothers|Locked%20them%20in%20stockades|Hung%20them.|
History|medium|After%20his%20loss%20at%20the%20Battle%20of%20Waterloo%2C%20Napoleon%20Bonaparte%20was%20exiled%20to%20which%20island%3F|St.%20Helena|Elba|Corsica|Canary|
Animals|hard|To%20which%20biological%20phylum%20do%20all%20mammals%2C%20birds%20and%20reptiles%20belong%3F|Chordata|Echinodermata|Annelida|Placazoa|
Celebrities|easy|What%20was%20James%20Coburn%27s%20last%20film%20role%20before%20his%20death%3F|American%20Gun|Monsters%20Inc|Texas%20Rangers|Snow%20Dogs|
Entertainment%3A%20Film|easy|Who%20plays%20Jack%20Burton%20in%20the%20movie%20%22Big%20Trouble%20in%20Little%20China%3F%22|Kurt%20Russell|Patrick%20Swayze|John%20Cusack|Harrison%20Ford|
Sports|medium|Who%20won%20the%202018%20Monaco%20Grand%20Prix%3F|Daniel%20Ricciardo|Sebastian%20Vettel|Kimi%20Raikkonen|Lewis%20Hamilton|
Entertainment%3A%20Video%20Games|medium|During%20the%20events%20of%20Half-Life%3A%20Opposing%20Force%2C%20what%20is%20the%20age%20of%20Adrian%20Shephard%2C%20the%20protagonist%3F|22|23|21|24|
Entertainment%3A%20Film|easy|Which%20of%20these%20films%20is%20NOT%20set%20in%20Los%20Angeles%3F|RoboCop|Blade%20Runner|The%20Terminator|Predator%202|
